productId,name,subType,rarity,printing,marketPrice,lowPrice,highPrice,lastUpdated
575144,Quarter Century Bonanza Booster Pack,Normal,,,8.42,6.99,19.36,
575145,Quarter Century Bonanza Booster Box,Normal,,,188.4,182.99,294.0,
592167,Destiny HERO - Malicious (PCR),1st Edition,,,1.04,0.74,13.9,
592168,Destiny HERO - Malicious (Platinum Secret Rare),1st Edition,,,2.97,2.24,19.99,
592169,Destiny HERO - Malicious (Quarter Century Secret Rare),1st Edition,,,14.01,12.98,69.95,
592170,Destiny HERO - Malicious (Secret Rare),1st Edition,,,0.41,0.1,5.0,
592171,Destiny HERO - Malicious,1st Edition,,,0.2,0.05,3.0,
592172,Destiny HERO - Malicious (PUR),1st Edition,,,1.24,0.75,14.0,
592173,Destiny HERO - Malicious (UR),1st Edition,,,0.18,0.03,4.99,
592174,Armageddon Knight (PCR),1st Edition,,,0.61,0.4,14.8,
592175,Armageddon Knight (Platinum Secret Rare),1st Edition,,,1.25,0.99,9.99,
592176,Armageddon Knight (Quarter Century Secret Rare),1st Edition,,,6.1,5.88,39.99,
592177,Armageddon Knight (Secret Rare),1st Edition,,,0.35,0.15,9.99,
592178,Armageddon Knight,1st Edition,,,0.16,0.05,3.0,
592179,Armageddon Knight (PUR),1st Edition,,,0.62,0.19,14.0,
592180,Armageddon Knight (UR),1st Edition,,,0.27,0.01,5.0,
592181,Fabled Lurrie (PCR),1st Edition,,,0.69,0.25,13.9,
592182,Fabled Lurrie (Platinum Secret Rare),1st Edition,,,1.98,0.99,14.95,
592183,Fabled Lurrie (Quarter Century Secret Rare),1st Edition,,,4.18,3.65,35.99,
592184,Fabled Lurrie (Secret Rare),1st Edition,,,0.38,0.1,4.0,
592185,Fabled Lurrie,1st Edition,,,0.22,0.08,1.53,
592186,Fabled Lurrie (PUR),1st Edition,,,0.59,0.34,14.0,
592187,Fabled Lurrie (UR),1st Edition,,,0.16,0.01,4.99,
592188,Deep Sea Diva (PCR),1st Edition,,,0.58,0.01,13.9,
592189,Deep Sea Diva (Platinum Secret Rare),1st Edition,,,1.19,0.75,14.99,
592190,Deep Sea Diva (Quarter Century Secret Rare),1st Edition,,,4.88,3.7,39.95,
592191,Deep Sea Diva (Secret Rare),1st Edition,,,0.36,0.04,4.86,
592192,Deep Sea Diva,1st Edition,,,0.16,0.01,3.0,
592193,Deep Sea Diva (PUR),1st Edition,,,0.63,0.3,14.0,
592194,Deep Sea Diva (UR),1st Edition,,,0.14,0.01,2.26,
592195,Swap Frog (PCR),1st Edition,,,0.82,0.49,13.9,
592196,Swap Frog (Platinum Secret Rare),1st Edition,,,2.85,2.5,49.99,
592197,Swap Frog (Quarter Century Secret Rare),1st Edition,,,8.09,7.91,39.99,
592198,Swap Frog (Secret Rare),1st Edition,,,0.43,0.06,4.99,
592199,Swap Frog,1st Edition,,,0.2,0.04,2.19,
592200,Swap Frog (PUR),1st Edition,,,1.06,0.4,14.0,
592201,Swap Frog (UR),1st Edition,,,0.18,0.01,3.0,
592202,Atlantean Dragoons (PCR),1st Edition,,,0.84,0.2,14.4,
592203,Atlantean Dragoons (Platinum Secret Rare),1st Edition,,,1.08,0.89,28.18,
592204,Atlantean Dragoons (Quarter Century Secret Rare),1st Edition,,,3.35,2.7,45.0,
592205,Atlantean Dragoons (Secret Rare),1st Edition,,,0.3,0.05,4.0,
592206,Atlantean Dragoons,1st Edition,,,0.14,0.01,1.95,
592207,Atlantean Dragoons (PUR),1st Edition,,,0.54,0.19,5.4,
592208,Atlantean Dragoons (UR),1st Edition,,,0.14,0.01,2.64,
592209,Mermail Abyssteus (PCR),1st Edition,,,0.6,0.35,13.9,
592210,Mermail Abyssteus (Platinum Secret Rare),1st Edition,,,0.96,0.5,9.84,
592211,Mermail Abyssteus (Quarter Century Secret Rare),1st Edition,,,3.03,1.79,50.0,
592212,Mermail Abyssteus (Secret Rare),1st Edition,,,0.2,0.01,4.0,
592213,Mermail Abyssteus,1st Edition,,,0.11,0.01,1.53,
592214,Mermail Abyssteus (PUR),1st Edition,,,0.42,0.2,14.0,
592215,Mermail Abyssteus (UR),1st Edition,,,0.09,0.01,2.26,
592216,"Redox, Dragon Ruler of Boulders (PCR)",1st Edition,,,1.76,1.06,14.99,
592217,"Redox, Dragon Ruler of Boulders (Platinum Secret Rare)",1st Edition,,,2.32,2.0,17.99,
592218,"Redox, Dragon Ruler of Boulders (Quarter Century Secret Rare)",1st Edition,,,6.3,4.41,50.0,
592219,"Redox, Dragon Ruler of Boulders (Secret Rare)",1st Edition,,,0.53,0.19,5.0,
592220,"Redox, Dragon Ruler of Boulders",1st Edition,,,0.14,0.01,1.53,
592221,"Redox, Dragon Ruler of Boulders (PUR)",1st Edition,,,1.5,0.75,14.0,
592222,"Redox, Dragon Ruler of Boulders (UR)",1st Edition,,,0.16,0.01,2.26,
592223,"Tidal, Dragon Ruler of Waterfalls (PCR)",1st Edition,,,1.46,1.35,12.79,
592224,"Tidal, Dragon Ruler of Waterfalls (Platinum Secret Rare)",1st Edition,,,1.85,1.48,19.99,
592225,"Tidal, Dragon Ruler of Waterfalls (Quarter Century Secret Rare)",1st Edition,,,5.07,4.0,50.0,
592226,"Tidal, Dragon Ruler of Waterfalls (Secret Rare)",1st Edition,,,0.54,0.17,49.0,
592227,"Tidal, Dragon Ruler of Waterfalls",1st Edition,,,0.18,0.01,2.26,
592228,"Tidal, Dragon Ruler of Waterfalls (PUR)",1st Edition,,,2.51,1.06,14.0,
592229,"Tidal, Dragon Ruler of Waterfalls (UR)",1st Edition,,,0.12,0.01,2.0,
592230,"Blaster, Dragon Ruler of Infernos (PCR)",1st Edition,,,1.44,0.76,14.4,
592231,"Blaster, Dragon Ruler of Infernos (Platinum Secret Rare)",1st Edition,,,2.95,2.5,15.99,
592232,"Blaster, Dragon Ruler of Infernos (Quarter Century Secret Rare)",1st Edition,,,6.85,4.39,80.0,
592233,"Blaster, Dragon Ruler of Infernos (Secret Rare)",1st Edition,,,0.46,0.1,5.0,
592234,"Blaster, Dragon Ruler of Infernos",1st Edition,,,0.12,0.04,2.35,
592235,"Blaster, Dragon Ruler of Infernos (PUR)",1st Edition,,,1.15,0.7,9.0,
592236,"Blaster, Dragon Ruler of Infernos (UR)",1st Edition,,,0.15,0.01,3.0,
592237,"Tempest, Dragon Ruler of Storms (PCR)",1st Edition,,,1.46,1.06,275.0,
592238,"Tempest, Dragon Ruler of Storms (Platinum Secret Rare)",1st Edition,,,2.75,2.53,9.97,
592239,"Tempest, Dragon Ruler of Storms (Quarter Century Secret Rare)",1st Edition,,,10.53,9.19,49.99,
592240,"Tempest, Dragon Ruler of Storms (Secret Rare)",1st Edition,,,0.55,0.19,5.0,
592241,"Tempest, Dragon Ruler of Storms",1st Edition,,,0.13,0.03,2.26,
592242,"Tempest, Dragon Ruler of Storms (PUR)",1st Edition,,,1.39,0.6,14.0,
592243,"Tempest, Dragon Ruler of Storms (UR)",1st Edition,,,0.1,0.01,1.66,
592244,Ritual Beast Tamer Elder (PCR),1st Edition,,,0.2,0.01,13.9,
592245,Ritual Beast Tamer Elder (Platinum Secret Rare),1st Edition,,,0.29,0.1,9.88,
592246,Ritual Beast Tamer Elder (Quarter Century Secret Rare),1st Edition,,,1.35,0.75,35.0,
592247,Ritual Beast Tamer Elder (Secret Rare),1st Edition,,,0.15,0.01,5.0,
592248,Ritual Beast Tamer Elder,1st Edition,,,0.1,0.01,9.08,
592249,Ritual Beast Tamer Elder (PUR),1st Edition,,,0.26,0.1,14.0,
592250,Ritual Beast Tamer Elder (UR),1st Edition,,,0.08,0.01,2.49,
592251,"Neptabyss, the Atlantean Prince (PCR)",1st Edition,,,0.67,0.3,13.9,
592252,"Neptabyss, the Atlantean Prince (Platinum Secret Rare)",1st Edition,,,1.33,0.96,9.99,
592253,"Neptabyss, the Atlantean Prince (Quarter Century Secret Rare)",1st Edition,,,5.62,4.11,29.99,
592254,"Neptabyss, the Atlantean Prince (Secret Rare)",1st Edition,,,0.29,0.08,4.0,
592255,"Neptabyss, the Atlantean Prince",1st Edition,,,0.13,0.01,2.5,
592256,"Neptabyss, the Atlantean Prince (PUR)",1st Edition,,,0.47,0.1,14.0,
592257,"Neptabyss, the Atlantean Prince (UR)",1st Edition,,,0.1,0.01,4.5,
592258,Ghost Reaper & Winter Cherries (Alternate Art) (PCR),1st Edition,,,1.18,0.5,13.92,
592259,Ghost Reaper & Winter Cherries (Alternate Art) (Platinum Secret Rare),1st Edition,,,2.06,1.25,39.99,
592260,Ghost Reaper & Winter Cherries (Quarter Century Secret Rare),1st Edition,,,10.13,8.0,29.69,
592261,Ghost Reaper & Winter Cherries (Alternate Art) (Secret Rare),1st Edition,,,0.56,0.14,5.0,
592262,Ghost Reaper & Winter Cherries (Alternate Art),1st Edition,,,0.14,0.02,2.0,
592263,Ghost Reaper & Winter Cherries (Alternate Art) (PUR),1st Edition,,,0.71,0.27,14.0,
592264,Ghost Reaper & Winter Cherries (Alternate Art) (UR),1st Edition,,,0.14,0.01,1.66,
592265,Punishment Dragon (PCR),1st Edition,,,0.32,0.11,9.95,
592266,Punishment Dragon (Platinum Secret Rare),1st Edition,,,0.77,0.38,9.88,
592267,Punishment Dragon (Quarter Century Secret Rare),1st Edition,,,1.59,1.39,19.99,
592268,Punishment Dragon (Secret Rare),1st Edition,,,0.21,0.08,5.0,
592269,Punishment Dragon,1st Edition,,,0.13,0.01,3.95,
592270,Punishment Dragon (PUR),1st Edition,,,0.34,0.03,14.0,
592271,Punishment Dragon (UR),1st Edition,,,0.13,0.01,2.0,
592272,Secret Six Samurai - Hatsume (PCR),1st Edition,,,0.35,0.07,13.9,
592273,Secret Six Samurai - Hatsume (Platinum Secret Rare),1st Edition,,,0.5,0.2,9.95,
592274,Secret Six Samurai - Hatsume (Quarter Century Secret Rare),1st Edition,,,1.84,1.49,14.95,
592275,Secret Six Samurai - Hatsume (Secret Rare),1st Edition,,,0.26,0.03,4.0,
592276,Secret Six Samurai - Hatsume,1st Edition,,,0.13,0.02,1.49,
592277,Secret Six Samurai - Hatsume (PUR),1st Edition,,,0.34,0.06,14.0,
592278,Secret Six Samurai - Hatsume (UR),1st Edition,,,0.14,0.01,2.26,
592279,Secret Six Samurai - Kizaru (PCR),1st Edition,,,0.4,0.15,13.5,
592280,Secret Six Samurai - Kizaru (Platinum Secret Rare),1st Edition,,,0.76,0.39,9.99,
592281,Secret Six Samurai - Kizaru (Quarter Century Secret Rare),1st Edition,,,2.03,1.81,18.2,
592282,Secret Six Samurai - Kizaru (Secret Rare),1st Edition,,,0.27,0.04,4.0,
592283,Secret Six Samurai - Kizaru,1st Edition,,,0.13,0.05,2.0,
592284,Secret Six Samurai - Kizaru (PUR),1st Edition,,,0.29,0.05,14.0,
592285,Secret Six Samurai - Kizaru (UR),1st Edition,,,0.15,0.01,3.0,
592286,Thunder Dragondark (PCR),1st Edition,,,0.4,0.17,13.9,
592287,Thunder Dragondark (Platinum Secret Rare),1st Edition,,,0.81,0.29,9.88,
592288,Thunder Dragondark (Quarter Century Secret Rare),1st Edition,,,5.74,4.97,50.0,
592289,Thunder Dragondark (Secret Rare),1st Edition,,,0.3,0.01,5.0,
592290,Thunder Dragondark,1st Edition,,,0.15,0.03,1.49,
592291,Thunder Dragondark (PUR),1st Edition,,,0.31,0.01,14.0,
592292,Thunder Dragondark (UR),1st Edition,,,0.18,0.01,2.26,
592293,Danger! Bigfoot! (PCR),1st Edition,,,0.35,0.1,13.9,
592294,Danger! Bigfoot! (Alternate Art) (PCR),1st Edition,,,0.33,0.15,13.92,
592295,Danger! Bigfoot! (Platinum Secret Rare),1st Edition,,,0.51,0.25,9.88,
592296,Danger! Bigfoot! (Alternate Art) (Platinum Secret Rare),1st Edition,,,0.59,0.25,9.88,
592297,Danger! Bigfoot! (Quarter Century Secret Rare),1st Edition,,,2.18,1.7,50.0,
592298,Danger! Bigfoot! (Alternate Art) (Quarter Century Secret Rare),1st Edition,,,1.88,1.24,14.9,
592299,Danger! Bigfoot! (Secret Rare),1st Edition,,,0.19,0.03,4.0,
592300,Danger! Bigfoot! (Alternate Art) (Secret Rare),1st Edition,,,0.22,0.09,4.0,
592301,Danger! Bigfoot!,1st Edition,,,0.12,0.01,1.53,
592302,Danger! Bigfoot! (Alternate Art),1st Edition,,,0.13,0.01,1.61,
592303,Danger! Bigfoot! (PUR),1st Edition,,,0.22,0.08,14.0,
592304,Danger! Bigfoot! (Alternate Art) (PUR),1st Edition,,,0.38,0.05,14.0,
592305,Danger! Bigfoot! (UR),1st Edition,,,0.15,0.01,2.0,
592306,Danger! Bigfoot! (Alternate Art) (UR),1st Edition,,,0.13,0.01,1.53,
592307,Ghost Sister & Spooky Dogwood (Alternate Art) (PCR),1st Edition,,,1.65,1.0,12.75,
592308,Ghost Sister & Spooky Dogwood (Alternate Art) (Platinum Secret Rare),1st Edition,,,1.87,1.37,18.99,
592309,Ghost Sister & Spooky Dogwood (Quarter Century Secret Rare),1st Edition,,,8.79,6.49,59.99,
592310,Ghost Sister & Spooky Dogwood (Alternate Art) (Secret Rare),1st Edition,,,0.66,0.25,5.0,
592311,Ghost Sister & Spooky Dogwood (Alternate Art),1st Edition,,,0.25,0.05,1.5,
592312,Ghost Sister & Spooky Dogwood (Alternate Art) (PUR),1st Edition,,,1.24,0.75,14.0,
592313,Ghost Sister & Spooky Dogwood (Alternate Art) (UR),1st Edition,,,0.2,0.05,1.62,
592314,Laundry Dragonmaid (PCR),1st Edition,,,0.42,0.15,30.0,
592315,Laundry Dragonmaid (Platinum Secret Rare),1st Edition,,,1.0,0.54,9.99,
592316,Laundry Dragonmaid (Quarter Century Secret Rare),1st Edition,,,2.73,2.28,19.95,
592317,Laundry Dragonmaid (Secret Rare),1st Edition,,,0.23,0.05,5.0,
592318,Laundry Dragonmaid,1st Edition,,,0.12,0.01,4.0,
592319,Laundry Dragonmaid (PUR),1st Edition,,,0.53,0.23,14.0,
592320,Laundry Dragonmaid (UR),1st Edition,,,0.1,0.01,4.0,
592321,Dragonmaid Lorpar (PCR),1st Edition,,,0.42,0.1,14.86,
592322,Dragonmaid Lorpar (Platinum Secret Rare),1st Edition,,,0.68,0.25,9.88,
592323,Dragonmaid Lorpar (Quarter Century Secret Rare),1st Edition,,,4.41,3.08,25.0,
592324,Dragonmaid Lorpar (Secret Rare),1st Edition,,,0.24,0.02,4.0,
592325,Dragonmaid Lorpar,1st Edition,,,0.12,0.04,1.53,
592326,Dragonmaid Lorpar (PUR),1st Edition,,,0.36,0.19,14.0,
592327,Dragonmaid Lorpar (UR),1st Edition,,,0.15,0.01,1.53,
592328,Archnemeses Protos (PCR),1st Edition,,,1.0,0.39,14.8,
592329,Archnemeses Protos (Platinum Secret Rare),1st Edition,,,2.21,1.15,19.99,
592330,Archnemeses Protos (Quarter Century Secret Rare),1st Edition,,,6.94,5.73,29.99,
592331,Archnemeses Protos (Secret Rare),1st Edition,,,0.49,0.15,5.0,
592332,Archnemeses Protos,1st Edition,,,0.3,0.15,3.0,
592333,Archnemeses Protos (PUR),1st Edition,,,0.91,0.3,14.0,
592334,Archnemeses Protos (UR),1st Edition,,,0.16,0.04,2.0,
592335,Nemeses Flag (PCR),1st Edition,,,0.39,0.1,13.9,
592336,Nemeses Flag (Platinum Secret Rare),1st Edition,,,0.92,0.4,9.88,
592337,Nemeses Flag (Quarter Century Secret Rare),1st Edition,,,4.54,3.89,40.0,
592338,Nemeses Flag (Secret Rare),1st Edition,,,0.3,0.13,3.49,
592339,Nemeses Flag,1st Edition,,,0.14,0.05,2.0,
592340,Nemeses Flag (PUR),1st Edition,,,0.39,0.1,5.0,
592341,Nemeses Flag (UR),1st Edition,,,0.08,0.01,2.26,
592342,Nemeses Corridor (PCR),1st Edition,,,0.55,0.1,13.9,
592343,Nemeses Corridor (Platinum Secret Rare),1st Edition,,,1.02,0.64,9.88,
592344,Nemeses Corridor (Quarter Century Secret Rare),1st Edition,,,2.76,1.17,40.0,
592345,Nemeses Corridor (Secret Rare),1st Edition,,,0.35,0.05,3.0,
592346,Nemeses Corridor,1st Edition,,,0.15,0.01,2.0,
592347,Nemeses Corridor (PUR),1st Edition,,,0.39,0.2,5.0,
592348,Nemeses Corridor (UR),1st Edition,,,0.16,0.04,2.26,
592349,"Girsu, the Orcust Mekk-Knight (PCR)",1st Edition,,,1.18,0.64,13.9,
592350,"Girsu, the Orcust Mekk-Knight (Platinum Secret Rare)",1st Edition,,,2.72,1.75,9.88,
592351,"Girsu, the Orcust Mekk-Knight (Quarter Century Secret Rare)",1st Edition,,,10.34,9.29,59.99,
592352,"Girsu, the Orcust Mekk-Knight (Secret Rare)",1st Edition,,,0.42,0.09,4.0,
592353,"Girsu, the Orcust Mekk-Knight",1st Edition,,,0.18,0.01,1.53,
592354,"Girsu, the Orcust Mekk-Knight (PUR)",1st Edition,,,0.46,0.25,14.0,
592355,"Girsu, the Orcust Mekk-Knight (UR)",1st Edition,,,0.12,0.01,1.53,
592356,Dark Beckoning Beast (PCR),1st Edition,,,0.31,0.01,15.0,
592357,Dark Beckoning Beast (Platinum Secret Rare),1st Edition,,,1.28,0.65,9.84,
592358,Dark Beckoning Beast (Quarter Century Secret Rare),1st Edition,,,4.21,3.0,50.0,
592359,Dark Beckoning Beast (Secret Rare),1st Edition,,,0.25,0.06,4.0,
592360,Dark Beckoning Beast,1st Edition,,,0.13,0.01,1.49,
592361,Dark Beckoning Beast (PUR),1st Edition,,,0.27,0.01,14.0,
592362,Dark Beckoning Beast (UR),1st Edition,,,0.22,0.01,1.56,
592363,Revealer of the Ice Barrier (PCR),1st Edition,,,0.29,0.06,5.0,
592364,Revealer of the Ice Barrier (Platinum Secret Rare),1st Edition,,,0.44,0.1,9.88,
592365,Revealer of the Ice Barrier (Quarter Century Secret Rare),1st Edition,,,2.8,1.77,35.0,
592366,Revealer of the Ice Barrier (Secret Rare),1st Edition,,,0.18,0.04,4.0,
592367,Revealer of the Ice Barrier,1st Edition,,,0.13,0.02,1.53,
592368,Revealer of the Ice Barrier (PUR),1st Edition,,,0.3,0.13,14.0,
592369,Revealer of the Ice Barrier (UR),1st Edition,,,0.15,0.01,2.26,
592370,Lord of the Heavenly Prison (PCR),1st Edition,,,0.52,0.25,13.9,
592371,Lord of the Heavenly Prison (Platinum Secret Rare),1st Edition,,,1.0,0.85,9.88,
592372,Lord of the Heavenly Prison (Quarter Century Secret Rare),1st Edition,,,4.82,3.75,35.0,
592373,Lord of the Heavenly Prison (Secret Rare),1st Edition,,,0.38,0.1,4.0,
592374,Lord of the Heavenly Prison,1st Edition,,,0.2,0.05,2.9,
592375,Lord of the Heavenly Prison (PUR),1st Edition,,,0.61,0.26,14.92,
592376,Lord of the Heavenly Prison (UR),1st Edition,,,0.25,0.05,2.0,
592377,Abyss Shark (PCR),1st Edition,,,0.37,0.06,14.8,
592378,Abyss Shark (Platinum Secret Rare),1st Edition,,,0.5,0.3,9.9,
592379,Abyss Shark (Quarter Century Secret Rare),1st Edition,,,2.89,1.65,30.0,
592380,Abyss Shark (Secret Rare),1st Edition,,,0.18,0.01,5.0,
592381,Abyss Shark,1st Edition,,,0.13,0.04,3.0,
592382,Abyss Shark (PUR),1st Edition,,,0.29,0.1,5.0,
592383,Abyss Shark (UR),1st Edition,,,0.09,0.01,1.53,
592384,Crystal Shark (PCR),1st Edition,,,0.19,0.08,13.9,
592385,Crystal Shark (Platinum Secret Rare),1st Edition,,,0.35,0.15,9.99,
592386,Crystal Shark (Quarter Century Secret Rare),1st Edition,,,1.17,0.5,20.0,
592387,Crystal Shark (Secret Rare),1st Edition,,,0.19,0.01,4.0,
592388,Crystal Shark,1st Edition,,,0.12,0.01,2.26,
592389,Crystal Shark (PUR),1st Edition,,,0.27,0.1,14.0,
592390,Crystal Shark (UR),1st Edition,,,0.15,0.01,2.0,
592391,Diabellstar the Black Witch (PCR),1st Edition,,,2.93,2.0,18.92,
592392,Diabellstar the Black Witch (Platinum Secret Rare),1st Edition,,,6.04,4.99,29.88,
592393,Diabellstar the Black Witch (Secret Rare),1st Edition,,,1.4,0.9,10.0,
592394,Diabellstar the Black Witch,1st Edition,,,0.89,0.25,7.25,
592395,Diabellstar the Black Witch (PUR),1st Edition,,,4.1,2.55,19.0,
592396,Diabellstar the Black Witch (UR),1st Edition,,,0.79,0.24,5.97,
592397,Snake-Eyes Flamberge Dragon (PCR),1st Edition,,,0.42,0.23,13.9,
592398,Snake-Eyes Flamberge Dragon (Platinum Secret Rare),1st Edition,,,1.19,1.0,9.88,
592399,Snake-Eyes Flamberge Dragon (Secret Rare),1st Edition,,,0.33,0.06,5.0,
592400,Snake-Eyes Flamberge Dragon,1st Edition,,,0.2,0.09,2.23,
592401,Snake-Eyes Flamberge Dragon (PUR),1st Edition,,,0.43,0.2,14.0,
592402,Snake-Eyes Flamberge Dragon (UR),1st Edition,,,0.18,0.03,2.3,
592403,Schuberta the Melodious Maestra (PCR),1st Edition,,,0.29,0.01,13.9,
592404,Schuberta the Melodious Maestra (Platinum Secret Rare),1st Edition,,,0.38,0.29,9.99,
592405,Schuberta the Melodious Maestra (Quarter Century Secret Rare),1st Edition,,,1.77,1.0,28.99,
592406,Schuberta the Melodious Maestra (Secret Rare),1st Edition,,,0.17,0.01,49.0,
592407,Schuberta the Melodious Maestra,1st Edition,,,0.12,0.03,1.53,
592408,Schuberta the Melodious Maestra (PUR),1st Edition,,,0.32,0.01,14.0,
592409,Schuberta the Melodious Maestra (UR),1st Edition,,,0.2,0.01,2.0,
592410,Ancient Gear Howitzer (PCR),1st Edition,,,0.23,0.03,13.9,
592411,Ancient Gear Howitzer (Platinum Secret Rare),1st Edition,,,0.41,0.24,9.88,
592412,Ancient Gear Howitzer (Quarter Century Secret Rare),1st Edition,,,1.25,0.49,20.0,
592413,Ancient Gear Howitzer (Secret Rare),1st Edition,,,0.19,0.01,4.0,
592414,Ancient Gear Howitzer,1st Edition,,,0.15,0.02,1.53,
592415,Ancient Gear Howitzer (PUR),1st Edition,,,0.28,0.09,14.0,
592416,Ancient Gear Howitzer (UR),1st Edition,,,0.16,0.01,2.26,
592417,Thunder Dragon Colossus (PCR),1st Edition,,,0.91,0.74,13.9,
592418,Thunder Dragon Colossus (Platinum Secret Rare),1st Edition,,,1.5,1.15,9.95,
592419,Thunder Dragon Colossus (Quarter Century Secret Rare),1st Edition,,,7.89,7.98,100.99,
592420,Thunder Dragon Colossus (Secret Rare),1st Edition,,,0.46,0.2,5.0,
592421,Thunder Dragon Colossus,1st Edition,,,0.2,0.08,4.95,
592422,Thunder Dragon Colossus (PUR),1st Edition,,,0.79,0.5,14.0,
592423,Thunder Dragon Colossus (UR),1st Edition,,,0.26,0.05,3.0,
592424,House Dragonmaid (PCR),1st Edition,,,0.75,0.3,13.9,
592425,House Dragonmaid (Platinum Secret Rare),1st Edition,,,1.45,1.11,9.88,
592426,House Dragonmaid (Alternate Art) (Quarter Century Secret Rare),1st Edition,,,27.01,23.95,79.99,
592427,House Dragonmaid (Quarter Century Secret Rare),1st Edition,,,5.34,4.19,29.99,
592428,House Dragonmaid (Secret Rare),1st Edition,,,0.3,0.1,5.0,
592429,House Dragonmaid,1st Edition,,,0.15,0.01,5.0,
592430,House Dragonmaid (PUR),1st Edition,,,0.75,0.01,14.0,
592431,House Dragonmaid (UR),1st Edition,,,0.14,0.03,2.0,
592432,Black Rose Moonlight Dragon (PCR),1st Edition,,,1.42,0.96,13.9,
592433,Black Rose Moonlight Dragon (Platinum Secret Rare),1st Edition,,,2.29,1.98,11.99,
592434,Black Rose Moonlight Dragon (Quarter Century Secret Rare),1st Edition,,,8.97,8.71,124.99,
592435,Black Rose Moonlight Dragon (Secret Rare),1st Edition,,,0.63,0.32,4.0,
592436,Black Rose Moonlight Dragon,1st Edition,,,0.44,0.1,1.49,
592437,Black Rose Moonlight Dragon (PUR),1st Edition,,,0.95,0.6,14.99,
592438,Black Rose Moonlight Dragon (UR),1st Edition,,,0.32,0.14,1.99,
592439,Mecha Phantom Beast Dracossack (PCR),1st Edition,,,0.94,0.4,13.9,
592440,Mecha Phantom Beast Dracossack (Platinum Secret Rare),1st Edition,,,1.16,0.75,10.0,
592441,Mecha Phantom Beast Dracossack (Quarter Century Secret Rare),1st Edition,,,4.24,4.0,25.0,
592442,Mecha Phantom Beast Dracossack (Secret Rare),1st Edition,,,0.37,0.25,5.0,
592443,Mecha Phantom Beast Dracossack,1st Edition,,,0.15,0.03,1.75,
592444,Mecha Phantom Beast Dracossack (PUR),1st Edition,,,0.71,0.35,14.0,
592445,Mecha Phantom Beast Dracossack (UR),1st Edition,,,0.12,0.01,1.53,
592446,Toadally Awesome (PCR),1st Edition,,,0.9,0.47,13.9,
592447,Toadally Awesome (Platinum Secret Rare),1st Edition,,,1.67,0.7,19.99,
592448,Toadally Awesome (Quarter Century Secret Rare),1st Edition,,,6.74,6.04,100.0,
592449,Toadally Awesome (Secret Rare),1st Edition,,,0.4,0.15,14.99,
592450,Toadally Awesome,1st Edition,,,0.26,0.1,1.53,
592451,Toadally Awesome (PUR),1st Edition,,,1.02,0.6,14.99,
592452,Toadally Awesome (UR),1st Edition,,,0.24,0.03,3.0,
592453,Superdreadnought Rail Cannon Juggernaut Liebe (PCR),1st Edition,,,0.39,0.2,2.99,
592454,Superdreadnought Rail Cannon Juggernaut Liebe (Platinum Secret Rare),1st Edition,,,0.64,0.35,9.95,
592455,Superdreadnought Rail Cannon Juggernaut Liebe (Alternate Art) (Quarter Century Secret Rare),1st Edition,,,3.12,2.99,30.0,
592456,Superdreadnought Rail Cannon Juggernaut Liebe (Quarter Century Secret Rare),1st Edition,,,1.93,1.49,40.0,
592457,Superdreadnought Rail Cannon Juggernaut Liebe (Secret Rare),1st Edition,,,0.25,0.02,4.0,
592458,Superdreadnought Rail Cannon Juggernaut Liebe,1st Edition,,,0.13,0.08,1.49,
592459,Superdreadnought Rail Cannon Juggernaut Liebe (PUR),1st Edition,,,0.46,0.01,14.0,
592460,Superdreadnought Rail Cannon Juggernaut Liebe (UR),1st Edition,,,0.09,0.01,2.0,
592461,Knightmare Phoenix (PCR),1st Edition,,,0.62,0.13,13.9,
592462,Knightmare Phoenix (Platinum Secret Rare),1st Edition,,,1.79,1.4,5.0,
592463,Knightmare Phoenix (Quarter Century Secret Rare),1st Edition,,,5.51,4.48,50.0,
592464,Knightmare Phoenix (Secret Rare),1st Edition,,,0.42,0.23,5.0,
592465,Knightmare Phoenix,1st Edition,,,0.23,0.11,4.15,
592466,Knightmare Phoenix (PUR),1st Edition,,,0.62,0.39,2.0,
592467,Knightmare Phoenix (UR),1st Edition,,,0.2,0.01,3.0,
592468,Sky Striker Ace - Shizuku (PCR),1st Edition,,,0.47,0.25,15.0,
592469,Sky Striker Ace - Shizuku (Platinum Secret Rare),1st Edition,,,1.32,0.89,9.88,
592470,Sky Striker Ace - Shizuku (Quarter Century Secret Rare),1st Edition,,,4.83,3.95,100.0,
592471,Sky Striker Ace - Shizuku (Secret Rare),1st Edition,,,0.39,0.09,5.0,
592472,Sky Striker Ace - Shizuku,1st Edition,,,0.14,0.05,1.99,
592473,Sky Striker Ace - Shizuku (PUR),1st Edition,,,0.53,0.2,14.0,
592474,Sky Striker Ace - Shizuku (UR),1st Edition,,,0.23,0.01,1.65,
592475,"Galatea, the Orcust Automaton (PCR)",1st Edition,,,0.87,0.25,13.99,
592476,"Galatea, the Orcust Automaton (Platinum Secret Rare)",1st Edition,,,1.59,0.99,11.0,
592477,"Galatea, the Orcust Automaton (Quarter Century Secret Rare)",1st Edition,,,6.52,5.31,50.5,
592478,"Galatea, the Orcust Automaton (Secret Rare)",1st Edition,,,0.41,0.2,5.0,
592479,"Galatea, the Orcust Automaton",1st Edition,,,0.12,0.02,4.0,
592480,"Galatea, the Orcust Automaton (PUR)",1st Edition,,,0.79,0.3,14.0,
592481,"Galatea, the Orcust Automaton (UR)",1st Edition,,,0.14,0.01,3.0,
592482,"Wynn the Wind Charmer, Verdant (PCR)",1st Edition,,,0.52,0.15,5.0,
592483,"Wynn the Wind Charmer, Verdant (Platinum Secret Rare)",1st Edition,,,1.21,0.97,9.88,
592484,"Wynn the Wind Charmer, Verdant (Quarter Century Secret Rare)",1st Edition,,,6.14,6.0,79.99,
592485,"Wynn the Wind Charmer, Verdant (Secret Rare)",1st Edition,,,0.27,0.04,5.0,
592486,"Wynn the Wind Charmer, Verdant",1st Edition,,,0.21,0.03,1.53,
592487,"Wynn the Wind Charmer, Verdant (PUR)",1st Edition,,,0.51,0.1,14.0,
592488,"Wynn the Wind Charmer, Verdant (UR)",1st Edition,,,0.15,0.01,2.79,
592489,Ancient Gear Ballista (PCR),1st Edition,,,0.27,0.04,13.9,
592490,Ancient Gear Ballista (Platinum Secret Rare),1st Edition,,,0.54,0.25,9.88,
592491,Ancient Gear Ballista (Quarter Century Secret Rare),1st Edition,,,3.39,2.99,19.99,
592492,Ancient Gear Ballista (Secret Rare),1st Edition,,,0.27,0.04,5.0,
592493,Ancient Gear Ballista,1st Edition,,,0.15,0.08,2.26,
592494,Ancient Gear Ballista (PUR),1st Edition,,,0.22,0.1,14.0,
592495,Ancient Gear Ballista (UR),1st Edition,,,0.11,0.01,3.0,
592496,"Eria the Water Charmer, Gentle (PCR)",1st Edition,,,0.6,0.25,13.9,
592497,"Eria the Water Charmer, Gentle (Platinum Secret Rare)",1st Edition,,,1.19,0.91,9.99,
592498,"Eria the Water Charmer, Gentle (Quarter Century Secret Rare)",1st Edition,,,6.18,4.9,35.18,
592499,"Eria the Water Charmer, Gentle (Secret Rare)",1st Edition,,,0.28,0.1,5.0,
592500,"Eria the Water Charmer, Gentle",1st Edition,,,0.12,0.03,15.0,
592501,"Eria the Water Charmer, Gentle (PUR)",1st Edition,,,0.61,0.1,14.0,
592502,"Eria the Water Charmer, Gentle (UR)",1st Edition,,,0.11,0.04,2.26,
592503,"Dharc the Dark Charmer, Gloomy (PCR)",1st Edition,,,2.21,1.2,13.9,
592504,"Dharc the Dark Charmer, Gloomy (Platinum Secret Rare)",1st Edition,,,4.68,2.77,19.99,
592505,"Dharc the Dark Charmer, Gloomy (Quarter Century Secret Rare)",1st Edition,,,20.94,21.0,100.0,
592506,"Dharc the Dark Charmer, Gloomy (Secret Rare)",1st Edition,,,0.61,0.44,5.0,
592507,"Dharc the Dark Charmer, Gloomy",1st Edition,,,0.31,0.1,1.99,
592508,"Dharc the Dark Charmer, Gloomy (PUR)",1st Edition,,,2.69,2.08,14.0,
592509,"Dharc the Dark Charmer, Gloomy (UR)",1st Edition,,,0.31,0.09,1.53,
592510,S:P Little Knight (PCR),1st Edition,,,10.78,8.45,24.99,
592511,S:P Little Knight (Platinum Secret Rare),1st Edition,,,11.95,9.75,48.0,
592512,S:P Little Knight (Secret Rare),1st Edition,,,8.44,6.28,19.99,
592513,S:P Little Knight,1st Edition,,,9.42,8.48,33.73,
592514,S:P Little Knight (PUR),1st Edition,,,10.91,9.33,30.0,
592515,S:P Little Knight (UR),1st Edition,,,7.26,4.89,24.99,
592516,"Promethean Princess, Bestower of Flames (PCR)",1st Edition,,,4.37,2.99,18.63,
592517,"Promethean Princess, Bestower of Flames (Platinum Secret Rare)",1st Edition,,,5.25,4.5,25.0,
592518,"Promethean Princess, Bestower of Flames (Secret Rare)",1st Edition,,,2.32,1.0,8.0,
592519,"Promethean Princess, Bestower of Flames",1st Edition,,,2.16,0.75,4.99,
592520,"Promethean Princess, Bestower of Flames (PUR)",1st Edition,,,3.4,2.99,14.0,
592521,"Promethean Princess, Bestower of Flames (UR)",1st Edition,,,1.22,0.64,4.99,
592522,Polymerization (A) (Alternate Art) (PCR),1st Edition,,,0.98,0.64,13.92,
592523,Polymerization (B) (HERO Art) (Platinum Secret Rare),1st Edition,,,3.65,2.55,9.95,
592524,Polymerization (B) (HERO Art) (Quarter Century Secret Rare),1st Edition,,,23.13,19.23,69.99,
592525,Polymerization (B) (HERO Art) (Secret Rare),1st Edition,,,1.16,0.7,9.0,
592526,Polymerization (B) (HERO Art),1st Edition,,,0.42,0.19,2.06,
592527,Polymerization (B) (HERO Art) (PUR),1st Edition,,,2.73,1.7,14.0,
592528,Polymerization (B) (HERO Art) (UR),1st Edition,,,0.49,0.25,6.99,
592529,Monster Reborn (PCR),1st Edition,,,0.81,0.5,13.9,
592530,Monster Reborn (Platinum Secret Rare),1st Edition,,,2.7,2.33,9.99,
592531,Monster Reborn (Quarter Century Secret Rare),1st Edition,,,10.15,9.45,130.0,
592532,Monster Reborn (Secret Rare),1st Edition,,,0.43,0.2,4.99,
592533,Monster Reborn,1st Edition,,,0.32,0.15,1.56,
592534,Monster Reborn (PUR),1st Edition,,,1.51,0.95,14.0,
592535,Monster Reborn (UR),1st Edition,,,0.3,0.07,1.99,
592536,Super Polymerization (PCR),1st Edition,,,8.71,6.72,50.95,
592537,Super Polymerization (Platinum Secret Rare),1st Edition,,,11.37,10.07,30.0,
592538,Super Polymerization (Secret Rare),1st Edition,,,4.66,3.78,19.99,
592539,Super Polymerization,1st Edition,,,2.64,1.7,19.99,
592540,Super Polymerization (PUR),1st Edition,,,7.04,4.7,19.95,
592541,Super Polymerization (UR),1st Edition,,,1.83,0.99,19.99,
592542,Six Samurai United (PCR),1st Edition,,,0.29,0.15,7.99,
592543,Six Samurai United (Platinum Secret Rare),1st Edition,,,0.77,0.4,9.88,
592544,Six Samurai United (Quarter Century Secret Rare),1st Edition,,,3.21,2.45,80.0,
592545,Six Samurai United (Secret Rare),1st Edition,,,0.19,0.05,4.99,
592546,Six Samurai United,1st Edition,,,0.13,0.03,1.53,
592547,Six Samurai United (PUR),1st Edition,,,0.31,0.15,14.0,
592548,Six Samurai United (UR),1st Edition,,,0.14,0.01,3.0,
592549,Allure of Darkness (PCR),1st Edition,,,2.41,2.0,13.9,
592550,Allure of Darkness (Platinum Secret Rare),1st Edition,,,5.06,4.0,19.95,
592551,Allure of Darkness (Quarter Century Secret Rare),1st Edition,,,17.02,16.5,99.99,
592552,Allure of Darkness (Secret Rare),1st Edition,,,1.45,0.95,5.0,
592553,Allure of Darkness,1st Edition,,,0.36,0.09,1.99,
592554,Allure of Darkness (PUR),1st Edition,,,3.9,2.55,10.0,
592555,Allure of Darkness (UR),1st Edition,,,0.34,0.09,1.55,
592556,One for One (PCR),1st Edition,,,0.54,0.29,13.9,
592557,One for One (Alternate Art) (PCR),1st Edition,,,0.75,0.4,13.92,
592558,One for One (Platinum Secret Rare),1st Edition,,,2.28,1.75,9.89,
592559,One for One (Alternate Art) (Platinum Secret Rare),1st Edition,,,1.4,1.24,9.95,
592560,One for One (Quarter Century Secret Rare),1st Edition,,,8.17,6.99,45.0,
592561,One for One (Alternate Art) (Quarter Century Secret Rare),1st Edition,,,9.65,7.5,24.99,
592562,One for One (Secret Rare),1st Edition,,,0.55,0.25,4.99,
592563,One for One (Alternate Art) (Secret Rare),1st Edition,,,0.46,0.25,6.98,
592564,One for One,1st Edition,,,0.37,0.15,3.0,
592565,One for One (Alternate Art),1st Edition,,,0.18,0.05,3.0,
592566,One for One (PUR),1st Edition,,,0.7,0.3,14.0,
592567,One for One (Alternate Art) (PUR),1st Edition,,,0.86,0.38,14.0,
592568,One for One (UR),1st Edition,,,0.22,0.07,3.0,
592569,One for One (Alternate Art) (UR),1st Edition,,,0.28,0.05,3.0,
592570,Summoning Curse (PCR),1st Edition,,,0.32,0.1,3.0,
592571,Summoning Curse (Platinum Secret Rare),1st Edition,,,0.48,0.25,9.88,
592572,Summoning Curse (Quarter Century Secret Rare),1st Edition,,,1.88,1.5,20.0,
592573,Summoning Curse (Secret Rare),1st Edition,,,0.24,0.05,4.0,
592574,Summoning Curse,1st Edition,,,0.12,0.03,2.27,
592575,Summoning Curse (PUR),1st Edition,,,0.33,0.1,14.0,
592576,Summoning Curse (UR),1st Edition,,,0.15,0.01,2.26,
592577,Heat Wave (PCR),1st Edition,,,0.87,0.49,7.31,
592578,Heat Wave (Platinum Secret Rare),1st Edition,,,1.34,0.81,9.88,
592579,Heat Wave (Quarter Century Secret Rare),1st Edition,,,7.85,8.06,50.0,
592580,Heat Wave (Secret Rare),1st Edition,,,0.61,0.4,5.0,
592581,Heat Wave,1st Edition,,,0.36,0.08,1.75,
592582,Heat Wave (PUR),1st Edition,,,0.63,0.49,14.0,
592583,Heat Wave (UR),1st Edition,,,0.28,0.02,3.8,
592584,Fire King Island (PCR),1st Edition,,,0.43,0.2,13.9,
592585,Fire King Island (Platinum Secret Rare),1st Edition,,,3.46,1.01,9.88,
592586,Fire King Island (Quarter Century Secret Rare),1st Edition,,,12.89,11.0,19.99,
592587,Fire King Island (Secret Rare),1st Edition,,,0.19,0.07,3.0,
592588,Fire King Island,1st Edition,,,0.21,0.01,1.53,
592589,Fire King Island (PUR),1st Edition,,,0.45,0.01,14.0,
592590,Fire King Island (UR),1st Edition,,,0.13,0.01,1.99,
592591,Return of the Dragon Lords (PCR),1st Edition,,,0.36,0.2,13.9,
592592,Return of the Dragon Lords (Platinum Secret Rare),1st Edition,,,1.12,0.5,9.99,
592593,Return of the Dragon Lords (Quarter Century Secret Rare),1st Edition,,,2.27,1.94,30.0,
592594,Return of the Dragon Lords (Secret Rare),1st Edition,,,0.37,0.1,4.0,
592595,Return of the Dragon Lords,1st Edition,,,0.41,0.21,1.59,
592596,Return of the Dragon Lords (PUR),1st Edition,,,0.56,0.35,14.0,
592597,Return of the Dragon Lords (UR),1st Edition,,,0.28,0.08,1.65,
592598,Red-Eyes Insight (PCR),1st Edition,,,0.67,0.25,13.9,
592599,Red-Eyes Insight (Platinum Secret Rare),1st Edition,,,1.34,0.83,9.88,
592600,Red-Eyes Insight (Quarter Century Secret Rare),1st Edition,,,5.18,4.27,39.99,
592601,Red-Eyes Insight (Secret Rare),1st Edition,,,0.46,0.19,5.0,
592602,Red-Eyes Insight,1st Edition,,,0.31,0.15,1.59,
592603,Red-Eyes Insight (PUR),1st Edition,,,0.72,0.35,14.0,
592604,Red-Eyes Insight (UR),1st Edition,,,0.24,0.02,2.0,
592605,Ancient Gear Fortress (PCR),1st Edition,,,0.27,0.1,13.9,
592606,Ancient Gear Fortress (Platinum Secret Rare),1st Edition,,,0.64,0.35,9.99,
592607,Ancient Gear Fortress (Quarter Century Secret Rare),1st Edition,,,2.3,2.0,29.99,
592608,Ancient Gear Fortress (Secret Rare),1st Edition,,,0.26,0.07,5.0,
592609,Ancient Gear Fortress,1st Edition,,,0.17,0.03,2.18,
592610,Ancient Gear Fortress (PUR),1st Edition,,,0.47,0.07,14.0,
592611,Ancient Gear Fortress (UR),1st Edition,,,0.13,0.01,2.61,
592612,That Grass Looks Greener (PCR),1st Edition,,,0.59,0.39,6.95,
592613,That Grass Looks Greener (Platinum Secret Rare),1st Edition,,,1.42,1.0,9.99,
592614,That Grass Looks Greener (Quarter Century Secret Rare),1st Edition,,,6.07,5.49,35.0,
592615,That Grass Looks Greener (Secret Rare),1st Edition,,,0.31,0.14,4.99,
592616,That Grass Looks Greener,1st Edition,,,0.29,0.07,3.0,
592617,That Grass Looks Greener (PUR),1st Edition,,,0.74,0.44,14.0,
592618,That Grass Looks Greener (UR),1st Edition,,,0.16,0.01,3.0,
592619,Ostinato (PCR),1st Edition,,,0.49,0.19,13.9,
592620,Ostinato (Platinum Secret Rare),1st Edition,,,0.49,0.3,19.99,
592621,Ostinato (Quarter Century Secret Rare),1st Edition,,,4.53,3.3,39.99,
592622,Ostinato (Secret Rare),1st Edition,,,0.21,0.03,4.0,
592623,Ostinato,1st Edition,,,0.12,0.03,1.53,
592624,Ostinato (PUR),1st Edition,,,0.37,0.15,14.0,
592625,Ostinato (UR),1st Edition,,,0.13,0.01,3.0,
592626,Set Rotation (PCR),1st Edition,,,0.37,0.2,13.9,
592627,Set Rotation (Platinum Secret Rare),1st Edition,,,0.66,0.35,8.91,
592628,Set Rotation (Quarter Century Secret Rare),1st Edition,,,3.28,2.69,40.0,
592629,Set Rotation (Secret Rare),1st Edition,,,0.22,0.07,4.0,
592630,Set Rotation,1st Edition,,,0.16,0.02,1.53,
592631,Set Rotation (PUR),1st Edition,,,0.31,0.01,14.0,
592632,Set Rotation (UR),1st Edition,,,0.18,0.01,2.26,
592633,Salamangreat Circle (PCR),1st Edition,,,0.2,0.05,13.9,
592634,Salamangreat Circle (Platinum Secret Rare),1st Edition,,,0.45,0.25,9.88,
592635,Salamangreat Circle (Quarter Century Secret Rare),1st Edition,,,3.61,3.0,19.95,
592636,Salamangreat Circle (Secret Rare),1st Edition,,,0.14,0.01,3.0,
592637,Salamangreat Circle,1st Edition,,,0.06,0.01,1.53,
592638,Salamangreat Circle (PUR),1st Edition,,,0.28,0.1,14.0,
592639,Salamangreat Circle (UR),1st Edition,,,0.08,0.01,2.26,
592640,Cynet Mining (PCR),1st Edition,,,1.06,0.76,13.9,
592641,Cynet Mining (Platinum Secret Rare),1st Edition,,,1.53,1.11,9.88,
592642,Cynet Mining (Quarter Century Secret Rare),1st Edition,,,6.99,5.52,38.0,
592643,Cynet Mining (Secret Rare),1st Edition,,,0.24,0.05,5.0,
592644,Cynet Mining,1st Edition,,,0.17,0.09,2.0,
592645,Cynet Mining (PUR),1st Edition,,,0.55,0.3,14.99,
592646,Cynet Mining (UR),1st Edition,,,0.16,0.01,2.0,
592647,Dragonmaid Hospitality (PCR),1st Edition,,,0.48,0.23,13.9,
592648,Dragonmaid Hospitality (Platinum Secret Rare),1st Edition,,,1.03,0.64,9.88,
592649,Dragonmaid Hospitality (Alternate Art) (Quarter Century Secret Rare),1st Edition,,,13.94,12.0,75.0,
592650,Dragonmaid Hospitality (Quarter Century Secret Rare),1st Edition,,,2.36,1.79,50.0,
592651,Dragonmaid Hospitality (Secret Rare),1st Edition,,,0.25,0.05,4.0,
592652,Dragonmaid Hospitality,1st Edition,,,0.15,0.05,1.53,
592653,Dragonmaid Hospitality (PUR),1st Edition,,,0.59,0.01,14.0,
592654,Dragonmaid Hospitality (UR),1st Edition,,,0.09,0.01,4.0,
592655,Madolche Salon (PCR),1st Edition,,,0.21,0.09,13.9,
592656,Madolche Salon (Platinum Secret Rare),1st Edition,,,0.68,0.35,9.88,
592657,Madolche Salon (Quarter Century Secret Rare),1st Edition,,,2.21,2.0,40.0,
592658,Madolche Salon (Secret Rare),1st Edition,,,0.2,0.02,4.0,
592659,Madolche Salon,1st Edition,,,0.16,0.05,4.25,
592660,Madolche Salon (PUR),1st Edition,,,0.27,0.1,14.0,
592661,Madolche Salon (UR),1st Edition,,,0.1,0.01,2.26,
592662,Branded Opening (PCR),1st Edition,,,0.93,0.52,13.9,
592663,Branded Opening (Platinum Secret Rare),1st Edition,,,2.85,1.7,20.0,
592664,Branded Opening (Quarter Century Secret Rare),1st Edition,,,31.52,24.0,88.88,
592665,Branded Opening (Secret Rare),1st Edition,,,0.35,0.02,30.0,
592666,Branded Opening,1st Edition,,,0.1,0.01,3.0,
592667,Branded Opening (PUR),1st Edition,,,1.43,0.1,15.0,
592668,Branded Opening (UR),1st Edition,,,0.11,0.01,3.0,
592669,Clockwork Night (PCR),1st Edition,,,2.38,2.23,13.9,
592670,Clockwork Night (Platinum Secret Rare),1st Edition,,,3.65,3.5,29.99,
592671,Clockwork Night (Quarter Century Secret Rare),1st Edition,,,8.63,6.0,50.0,
592672,Clockwork Night (Secret Rare),1st Edition,,,2.42,0.99,9.99,
592673,Clockwork Night,1st Edition,,,2.8,0.97,5.0,
592674,Clockwork Night (PUR),1st Edition,,,2.3,1.95,19.99,
592675,Clockwork Night (UR),1st Edition,,,1.68,0.25,9.99,
592676,Triple Tactics Thrust (PCR),1st Edition,,,17.13,11.95,35.0,
592677,Triple Tactics Thrust (Platinum Secret Rare),1st Edition,,,16.7,10.78,35.0,
592678,Triple Tactics Thrust (Quarter Century Secret Rare),1st Edition,,,46.97,43.25,135.95,
592679,Triple Tactics Thrust (Secret Rare),1st Edition,,,6.57,5.99,32.0,
592680,Triple Tactics Thrust,1st Edition,,,6.84,4.0,39.35,
592681,Triple Tactics Thrust (PUR),1st Edition,,,16.53,8.5,28.48,
592682,Triple Tactics Thrust (UR),1st Edition,,,4.64,3.59,39.77,
592683,Bonfire (PCR),1st Edition,,,0.85,0.55,19.86,
592684,Bonfire (Platinum Secret Rare),1st Edition,,,1.85,1.0,24.95,
592685,Bonfire (Quarter Century Secret Rare),1st Edition,,,6.63,5.0,80.0,
592686,Bonfire (Secret Rare),1st Edition,,,0.8,0.25,10.0,
592687,Bonfire,1st Edition,,,0.67,0.5,5.0,
592688,Bonfire (PUR),1st Edition,,,1.08,0.75,13.83,
592689,Bonfire (UR),1st Edition,,,0.69,0.2,6.0,
592690,WANTED: Seeker of Sinful Spoils (PCR),1st Edition,,,2.97,2.25,19.99,
592691,WANTED: Seeker of Sinful Spoils (Platinum Secret Rare),1st Edition,,,6.29,5.45,25.0,
592692,WANTED: Seeker of Sinful Spoils (Secret Rare),1st Edition,,,2.25,1.0,10.0,
592693,WANTED: Seeker of Sinful Spoils,1st Edition,,,2.75,2.0,6.0,
592694,WANTED: Seeker of Sinful Spoils (PUR),1st Edition,,,5.17,2.99,19.99,
592695,WANTED: Seeker of Sinful Spoils (UR),1st Edition,,,1.62,0.95,9.99,
592696,Rivalry of Warlords (PCR),1st Edition,,,0.54,0.25,13.9,
592697,Rivalry of Warlords (Platinum Secret Rare),1st Edition,,,1.52,0.89,5.0,
592698,Rivalry of Warlords (Quarter Century Secret Rare),1st Edition,,,13.57,10.0,49.99,
592699,Rivalry of Warlords (Secret Rare),1st Edition,,,0.43,0.11,4.99,
592700,Rivalry of Warlords,1st Edition,,,0.14,0.05,2.35,
592701,Rivalry of Warlords (PUR),1st Edition,,,0.68,0.3,14.0,
592702,Rivalry of Warlords (UR),1st Edition,,,0.13,0.01,2.49,
592703,Cursed Seal of the Forbidden Spell (PCR),1st Edition,,,0.27,0.1,13.9,
592704,Cursed Seal of the Forbidden Spell (Platinum Secret Rare),1st Edition,,,0.39,0.2,9.95,
592705,Cursed Seal of the Forbidden Spell (Quarter Century Secret Rare),1st Edition,,,3.05,2.71,6.99,
592706,Cursed Seal of the Forbidden Spell (Secret Rare),1st Edition,,,0.18,0.02,4.0,
592707,Cursed Seal of the Forbidden Spell,1st Edition,,,0.12,0.01,1.53,
592708,Cursed Seal of the Forbidden Spell (PUR),1st Edition,,,0.31,0.08,14.0,
592709,Cursed Seal of the Forbidden Spell (UR),1st Edition,,,0.13,0.01,2.49,
592710,Grave of the Super Ancient Organism (PCR),1st Edition,,,0.31,0.14,13.9,
592711,Grave of the Super Ancient Organism (Platinum Secret Rare),1st Edition,,,0.58,0.25,9.88,
592712,Grave of the Super Ancient Organism (Quarter Century Secret Rare),1st Edition,,,2.58,1.98,20.0,
592713,Grave of the Super Ancient Organism (Secret Rare),1st Edition,,,0.21,0.02,4.0,
592714,Grave of the Super Ancient Organism,1st Edition,,,0.13,0.01,2.26,
592715,Grave of the Super Ancient Organism (PUR),1st Edition,,,0.37,0.1,14.0,
592716,Grave of the Super Ancient Organism (UR),1st Edition,,,0.17,0.01,2.26,
592717,Trap Trick (PCR),1st Edition,,,0.66,0.3,5.0,
592718,Trap Trick (Platinum Secret Rare),1st Edition,,,3.13,2.01,9.99,
592719,Trap Trick (Quarter Century Secret Rare),1st Edition,,,6.85,6.43,59.95,
592720,Trap Trick (Secret Rare),1st Edition,,,0.3,0.05,4.0,
592721,Trap Trick,1st Edition,,,0.17,0.01,1.53,
592722,Trap Trick (PUR),1st Edition,,,0.65,0.2,14.0,
592723,Trap Trick (UR),1st Edition,,,0.18,0.01,2.26,
592724,Blue-Eyes White Dragon (Platinum Secret Rare),1st Edition,,,5.21,3.73,505.76,
592725,Blue-Eyes White Dragon (Quarter Century Secret Rare),1st Edition,,,158.78,140.0,399.99,
592726,Dark Magician (Platinum Secret Rare),1st Edition,,,3.13,2.88,39.99,
592727,Dark Magician (Quarter Century Secret Rare),1st Edition,,,60.65,40.5,199.99,
592728,Red-Eyes Black Dragon (Platinum Secret Rare),1st Edition,,,3.7,3.5,19.99,
592729,Red-Eyes Black Dragon (Quarter Century Secret Rare),1st Edition,,,37.14,34.0,99.95,
592730,Man-Eater Bug (Platinum Secret Rare),1st Edition,,,0.48,0.25,9.95,
592731,Man-Eater Bug (Quarter Century Secret Rare),1st Edition,,,4.99,4.94,50.0,
592732,Raigeki (Platinum Secret Rare),1st Edition,,,3.32,2.97,14.99,
592733,Raigeki (Quarter Century Secret Rare),1st Edition,,,47.65,34.0,99.99,
592734,Fissure (Platinum Secret Rare),1st Edition,,,0.82,0.49,8.91,
592735,Fissure (Quarter Century Secret Rare),1st Edition,,,5.28,5.0,50.0,
592736,Trap Hole (Platinum Secret Rare),1st Edition,,,0.56,0.3,9.84,
592737,Trap Hole (Quarter Century Secret Rare),1st Edition,,,11.13,7.05,80.0,
592738,Summoned Skull (Platinum Secret Rare),1st Edition,,,5.57,4.0,22.99,
592739,Summoned Skull (Quarter Century Secret Rare),1st Edition,,,54.41,44.99,169.0,
592740,The Flute of Summoning Dragon (Platinum Secret Rare),1st Edition,,,0.34,0.1,8.91,
592741,The Flute of Summoning Dragon (Quarter Century Secret Rare),1st Edition,,,1.81,1.73,60.0,
592742,Ultimate Offering (Platinum Secret Rare),1st Edition,,,1.17,0.74,9.95,
592743,Ultimate Offering (Quarter Century Secret Rare),1st Edition,,,11.69,9.48,99.99,
592744,Sangan (Platinum Secret Rare),1st Edition,,,2.25,1.8,19.99,
592745,Sangan (Quarter Century Secret Rare),1st Edition,,,23.19,19.8,69.0,
592746,Magician of Faith (Platinum Secret Rare),1st Edition,,,3.38,2.8,10.0,
592747,Magician of Faith (Quarter Century Secret Rare),1st Edition,,,25.65,27.99,74.99,
592748,Witch of the Black Forest (Platinum Secret Rare),1st Edition,,,0.73,0.35,9.99,
592749,Witch of the Black Forest (Quarter Century Secret Rare),1st Edition,,,6.99,4.51,24.99,
592750,Heavy Storm (Platinum Secret Rare),1st Edition,,,6.47,6.11,29.0,
592751,Heavy Storm (Quarter Century Secret Rare),1st Edition,,,74.92,72.99,268.99,
592752,Mirror Force (Platinum Secret Rare),1st Edition,,,4.86,4.75,11.0,
592753,Mirror Force (Quarter Century Secret Rare),1st Edition,,,50.77,48.22,149.0,
592754,Mechanicalchaser (Platinum Secret Rare),1st Edition,,,0.57,0.3,8.99,
592755,Mechanicalchaser (Quarter Century Secret Rare),1st Edition,,,4.87,3.73,40.0,
592756,Cyber Jar (Platinum Secret Rare),1st Edition,,,2.29,2.2,19.99,
592757,Cyber Jar (Quarter Century Secret Rare),1st Edition,,,9.91,8.67,35.0,
592758,Upstart Goblin (Platinum Secret Rare),1st Edition,,,12.47,10.94,30.0,
592759,Upstart Goblin (Quarter Century Secret Rare),1st Edition,,,87.3,99.99,200.0,
592760,Giant Trunade (Platinum Secret Rare),1st Edition,,,2.97,1.8,19.99,
592761,Giant Trunade (Quarter Century Secret Rare),1st Edition,,,21.01,19.19,150.0,
592762,Morphing Jar (Platinum Secret Rare),1st Edition,,,3.19,3.0,19.88,
592763,Morphing Jar (Quarter Century Secret Rare),1st Edition,,,17.92,15.49,420.69,
592764,Jinzo (Platinum Secret Rare),1st Edition,,,5.05,3.99,23.99,
592765,Jinzo (Quarter Century Secret Rare),1st Edition,,,59.68,54.98,199.95,
592766,Morphing Jar #2 (Platinum Secret Rare),1st Edition,,,0.54,0.35,12.99,
592767,Morphing Jar #2 (Quarter Century Secret Rare),1st Edition,,,5.63,4.9,19.99,
592768,Goblin Attack Force (Platinum Secret Rare),1st Edition,,,0.57,0.3,9.88,
592769,Goblin Attack Force (Quarter Century Secret Rare),1st Edition,,,6.69,6.78,50.0,
592770,Nobleman of Crossout (Platinum Secret Rare),1st Edition,,,3.76,3.33,10.0,
592771,Nobleman of Crossout (Quarter Century Secret Rare),1st Edition,,,27.89,29.28,69.95,
592772,Premature Burial (Platinum Secret Rare),1st Edition,,,1.39,0.99,19.99,
592773,Premature Burial (Quarter Century Secret Rare),1st Edition,,,13.04,12.33,100.0,
592774,Cold Wave (Platinum Secret Rare),1st Edition,,,1.51,1.45,9.99,
592775,Cold Wave (Quarter Century Secret Rare),1st Edition,,,19.42,16.13,50.0,
592776,Ceasefire (Platinum Secret Rare),1st Edition,,,0.52,0.2,9.88,
592777,Ceasefire (Quarter Century Secret Rare),1st Edition,,,4.76,3.59,20.0,
592778,Imperial Order (Platinum Secret Rare),1st Edition,,,0.5,0.09,30.0,
592779,Imperial Order (Quarter Century Secret Rare),1st Edition,,,4.57,3.98,49.99,
592780,Magical Hats (Platinum Secret Rare),1st Edition,,,0.9,0.64,9.88,
592781,Magical Hats (Quarter Century Secret Rare),1st Edition,,,8.21,5.0,38.0,
592782,Call of the Haunted (Platinum Secret Rare),1st Edition,,,3.21,2.4,9.84,
592783,Call of the Haunted (Quarter Century Secret Rare),1st Edition,,,30.11,46.99,120.0,
592784,Gemini Elf (Platinum Secret Rare),1st Edition,,,1.09,0.59,9.99,
592785,Gemini Elf (Quarter Century Secret Rare),1st Edition,,,9.12,7.55,45.0,
592786,Kycoo the Ghost Destroyer (Platinum Secret Rare),1st Edition,,,3.89,3.69,9.88,
592787,Kycoo the Ghost Destroyer (Quarter Century Secret Rare),1st Edition,,,26.57,23.99,52.19,
592788,Bazoo the Soul-Eater (Platinum Secret Rare),1st Edition,,,0.36,0.17,9.88,
592789,Bazoo the Soul-Eater (Quarter Century Secret Rare),1st Edition,,,4.94,3.11,19.99,
592790,United We Stand (Platinum Secret Rare),1st Edition,,,1.0,0.5,8.91,
592791,United We Stand (Quarter Century Secret Rare),1st Edition,,,5.18,3.45,20.0,
592792,Mage Power (Platinum Secret Rare),1st Edition,,,0.69,0.2,8.91,
592793,Mage Power (Quarter Century Secret Rare),1st Edition,,,2.99,2.25,30.0,
592794,Card of Safe Return (Platinum Secret Rare),1st Edition,,,0.49,0.2,19.99,
592795,Card of Safe Return (Quarter Century Secret Rare),1st Edition,,,5.33,3.19,29.95,
592796,Magic Cylinder (Platinum Secret Rare),1st Edition,,,1.75,1.0,9.99,
592797,Magic Cylinder (Quarter Century Secret Rare),1st Edition,,,12.62,9.99,99.0,
592798,Graceful Charity (Platinum Secret Rare),1st Edition,,,8.44,6.68,29.99,
592799,Graceful Charity (Quarter Century Secret Rare),1st Edition,,,56.48,53.0,149.99,
592800,Injection Fairy Lily (Platinum Secret Rare),1st Edition,,,2.47,2.19,100.0,
592801,Injection Fairy Lily (Quarter Century Secret Rare),1st Edition,,,26.42,25.0,79.99,
592802,Marauding Captain (Platinum Secret Rare),1st Edition,,,0.56,0.3,9.88,
592803,Marauding Captain (Quarter Century Secret Rare),1st Edition,,,4.85,3.19,15.0,
592804,Exiled Force (Platinum Secret Rare),1st Edition,,,0.81,0.69,9.88,
592805,Exiled Force (Quarter Century Secret Rare),1st Edition,,,5.92,5.71,19.99,
592806,Creature Swap (Platinum Secret Rare),1st Edition,,,0.97,0.5,7.21,
592807,Creature Swap (Quarter Century Secret Rare),1st Edition,,,8.35,7.0,29.99,
592808,Gravekeeper's Spy (Platinum Secret Rare),1st Edition,,,2.46,1.98,15.0,
592809,Gravekeeper's Spy (Quarter Century Secret Rare),1st Edition,,,18.47,16.5,40.0,
592810,Spirit Reaper (Platinum Secret Rare),1st Edition,,,1.47,1.18,9.99,
592811,Spirit Reaper (Quarter Century Secret Rare),1st Edition,,,11.35,11.1,28.0,
592812,Dark Magician Girl (Platinum Secret Rare) (A),1st Edition,,,6.19,5.0,100.0,
592813,Dark Magician Girl (Quarter Century Secret Rare) (A),1st Edition,,,85.96,72.99,199.99,
592814,Apprentice Magician (Platinum Secret Rare),1st Edition,,,0.48,0.2,20.0,
592815,Apprentice Magician (Quarter Century Secret Rare),1st Edition,,,3.63,2.75,20.0,
592816,Breaker the Magical Warrior (Platinum Secret Rare),1st Edition,,,3.1,2.64,12.23,
592817,Breaker the Magical Warrior (Quarter Century Secret Rare),1st Edition,,,33.17,31.98,99.99,
592818,Dark Paladin (Platinum Secret Rare),1st Edition,,,3.0,3.0,15.0,
592819,Dark Paladin (Quarter Century Secret Rare),1st Edition,,,40.81,33.99,169.0,
592820,Wave-Motion Cannon (Platinum Secret Rare),1st Edition,,,0.46,0.19,8.91,
592821,Wave-Motion Cannon (Quarter Century Secret Rare),1st Edition,,,5.59,4.56,18.99,
592822,Vampire Lord (Platinum Secret Rare),1st Edition,,,0.53,0.46,24.99,
592823,Vampire Lord (Quarter Century Secret Rare),1st Edition,,,7.76,5.88,49.99,
592824,D.D. Warrior Lady (Platinum Secret Rare),1st Edition,,,1.72,0.99,9.99,
592825,D.D. Warrior Lady (Quarter Century Secret Rare),1st Edition,,,19.12,23.93,35.55,
592826,Sakuretsu Armor (Platinum Secret Rare),1st Edition,,,2.42,1.98,9.99,
592827,Sakuretsu Armor (Quarter Century Secret Rare),1st Edition,,,12.06,8.99,25.0,
592828,Strike Ninja (Platinum Secret Rare),1st Edition,,,0.38,0.12,5.0,
592829,Strike Ninja (Quarter Century Secret Rare),1st Edition,,,4.77,4.76,12.99,
592830,Black Luster Soldier - Envoy of the Beginning (Platinum Secret Rare),1st Edition,,,5.94,5.34,29.84,
592831,Black Luster Soldier - Envoy of the Beginning (Quarter Century Secret Rare),1st Edition,,,68.02,69.99,199.99,
592832,Chaos Emperor Dragon - Envoy of the End (Platinum Secret Rare),1st Edition,,,2.16,1.99,28.18,
592833,Chaos Emperor Dragon - Envoy of the End (Quarter Century Secret Rare),1st Edition,,,31.95,24.99,149.95,
592834,Dark Magician of Chaos (Platinum Secret Rare),1st Edition,,,3.93,3.5,20.0,
592835,Dark Magician of Chaos (Quarter Century Secret Rare),1st Edition,,,45.45,41.47,199.95,
592836,Smashing Ground (Platinum Secret Rare),1st Edition,,,1.64,1.36,8.91,
592837,Smashing Ground (Quarter Century Secret Rare),1st Edition,,,18.52,16.11,80.0,
592838,Dimension Fusion (Platinum Secret Rare),1st Edition,,,5.5,4.0,15.85,
592839,Dimension Fusion (Quarter Century Secret Rare),1st Edition,,,11.77,11.96,69.99,
592840,The Winged Dragon of Ra (Platinum Secret Rare),1st Edition,,,6.93,6.0,19.99,
592841,The Winged Dragon of Ra (Quarter Century Secret Rare),1st Edition,,,29.24,26.66,149.95,
592842,Blowback Dragon (Platinum Secret Rare),1st Edition,,,0.54,0.2,9.99,
592843,Blowback Dragon (Quarter Century Secret Rare),1st Edition,,,4.07,3.32,50.0,
592844,Night Assailant (Platinum Secret Rare),1st Edition,,,1.59,1.34,9.88,
592845,Night Assailant (Quarter Century Secret Rare),1st Edition,,,9.4,8.75,49.95,
592846,Return from the Different Dimension (Platinum Secret Rare),1st Edition,,,2.44,1.98,9.99,
592847,Return from the Different Dimension (Quarter Century Secret Rare),1st Edition,,,16.9,14.0,140.0,
592848,D.D. Assailant (Platinum Secret Rare),1st Edition,,,1.5,0.99,9.99,
592849,D.D. Assailant (Quarter Century Secret Rare),1st Edition,,,9.77,8.08,26.97,
592850,Mobius the Frost Monarch (Platinum Secret Rare),1st Edition,,,1.23,0.99,9.95,
592851,Mobius the Frost Monarch (Quarter Century Secret Rare),1st Edition,,,11.12,9.0,40.0,
592852,Thestalos the Firestorm Monarch (Platinum Secret Rare),1st Edition,,,1.05,0.69,6.0,
592853,Thestalos the Firestorm Monarch (Quarter Century Secret Rare),1st Edition,,,7.03,7.03,50.0,
592854,Dekoichi the Battlechanted Locomotive (Platinum Secret Rare),1st Edition,,,2.37,0.99,9.99,
592855,Dekoichi the Battlechanted Locomotive (Quarter Century Secret Rare),1st Edition,,,9.45,8.04,49.99,
592856,Machine Duplication (Platinum Secret Rare),1st Edition,,,1.07,0.69,12.99,
592857,Machine Duplication (Quarter Century Secret Rare),1st Edition,,,10.37,7.65,510.09,
592858,Cyber-Stein (Platinum Secret Rare),1st Edition,,,1.42,1.0,251.13,
592859,Cyber-Stein (Quarter Century Secret Rare),1st Edition,,,7.83,7.24,29.99,
592860,Sacred Phoenix of Nephthys (Platinum Secret Rare),1st Edition,,,0.41,0.14,5.0,
592861,Sacred Phoenix of Nephthys (Quarter Century Secret Rare),1st Edition,,,3.84,3.99,15.0,
592862,Lightning Vortex (Platinum Secret Rare),1st Edition,,,6.26,3.5,24.99,
592863,Lightning Vortex (Quarter Century Secret Rare),1st Edition,,,19.52,21.0,30.25,
592864,Phoenix Wing Wind Blast (Platinum Secret Rare),1st Edition,,,1.76,1.5,9.84,
592865,Phoenix Wing Wind Blast (Quarter Century Secret Rare),1st Edition,,,13.07,11.23,50.0,
592866,Deck Devastation Virus (Platinum Secret Rare),1st Edition,,,1.94,1.5,9.95,
592867,Deck Devastation Virus (Quarter Century Secret Rare),1st Edition,,,29.35,28.76,59.99,
592868,Ancient Gear Golem (Platinum Secret Rare),1st Edition,,,0.89,0.4,9.88,
592869,Ancient Gear Golem (Quarter Century Secret Rare),1st Edition,,,12.23,16.35,44.0,
592870,Elemental HERO Flame Wingman (Platinum Secret Rare),1st Edition,,,0.9,0.5,9.84,
592871,Elemental HERO Flame Wingman (Quarter Century Secret Rare),1st Edition,,,22.77,18.86,79.95,
592872,Elemental HERO Thunder Giant (Platinum Secret Rare),1st Edition,,,0.68,0.49,9.88,
592873,Elemental HERO Thunder Giant (Quarter Century Secret Rare),1st Edition,,,7.83,6.36,39.99,
592874,Brain Control (Platinum Secret Rare),1st Edition,,,2.71,2.48,19.99,
592875,Brain Control (Quarter Century Secret Rare),1st Edition,,,24.23,21.85,49.99,
592876,Cyber Dragon (Platinum Secret Rare),1st Edition,,,2.24,1.74,19.99,
592877,Cyber Dragon (Quarter Century Secret Rare),1st Edition,,,23.37,22.2,79.99,
592878,Cyber End Dragon (Platinum Secret Rare),1st Edition,,,1.14,0.62,19.99,
592879,Cyber End Dragon (Quarter Century Secret Rare),1st Edition,,,17.87,16.99,99.99,
592880,Elemental HERO Wildheart (Platinum Secret Rare),1st Edition,,,0.54,0.25,9.88,
592881,Elemental HERO Wildheart (Quarter Century Secret Rare),1st Edition,,,3.84,2.65,10.5,
592882,"Sillva, Warlord of Dark World (Platinum Secret Rare)",1st Edition,,,0.64,0.25,9.99,
592883,"Sillva, Warlord of Dark World (Quarter Century Secret Rare)",1st Edition,,,7.24,5.0,50.0,
592884,"Goldd, Wu-Lord of Dark World (Platinum Secret Rare)",1st Edition,,,0.38,0.15,9.88,
592885,"Goldd, Wu-Lord of Dark World (Quarter Century Secret Rare)",1st Edition,,,4.36,3.29,50.0,
592886,Pot of Avarice (Platinum Secret Rare),1st Edition,,,3.55,2.95,15.99,
592887,Pot of Avarice (Quarter Century Secret Rare),1st Edition,,,26.18,18.63,99.99,
592888,Treeborn Frog (Platinum Secret Rare),1st Edition,,,1.88,1.05,19.99,
592889,Treeborn Frog (Quarter Century Secret Rare),1st Edition,,,12.75,11.71,59.0,
592890,Shrink (Platinum Secret Rare),1st Edition,,,0.43,0.17,8.91,
592891,Shrink (Quarter Century Secret Rare),1st Edition,,,4.94,3.49,420.69,
592892,Dimensional Fissure (Platinum Secret Rare),1st Edition,,,1.84,1.3,9.99,
592893,Dimensional Fissure (Quarter Century Secret Rare),1st Edition,,,21.1,22.0,39.99,
592894,Macro Cosmos (Platinum Secret Rare),1st Edition,,,0.81,0.25,9.88,
592895,Macro Cosmos (Quarter Century Secret Rare),1st Edition,,,8.78,5.98,39.4,
592896,Icarus Attack (Platinum Secret Rare),1st Edition,,,1.78,1.18,9.99,
592897,Icarus Attack (Quarter Century Secret Rare),1st Edition,,,11.76,9.99,69.0,
592898,Chimeratech Overdragon (Platinum Secret Rare),1st Edition,,,0.8,0.45,14.99,
592899,Chimeratech Overdragon (Quarter Century Secret Rare),1st Edition,,,11.13,7.0,29.0,
592900,Mausoleum of the Emperor (Platinum Secret Rare),1st Edition,,,0.32,0.1,8.91,
592901,Mausoleum of the Emperor (Quarter Century Secret Rare),1st Edition,,,2.84,1.0,9.99,
592902,Future Fusion (Platinum Secret Rare),1st Edition,,,0.86,0.5,8.91,
592903,Future Fusion (Quarter Century Secret Rare),1st Edition,,,8.45,6.55,30.0,
592904,Overload Fusion (Platinum Secret Rare),1st Edition,,,0.45,0.42,9.99,
592905,Overload Fusion (Quarter Century Secret Rare),1st Edition,,,4.94,3.75,12.99,
592906,Snipe Hunter (Platinum Secret Rare),1st Edition,,,0.56,0.15,6.99,
592907,Snipe Hunter (Quarter Century Secret Rare),1st Edition,,,3.81,4.72,19.99,
592908,Instant Fusion (Platinum Secret Rare),1st Edition,,,1.64,1.04,8.91,
592909,Instant Fusion (Quarter Century Secret Rare),1st Edition,,,17.76,16.87,100.5,
592911,Card Trooper (Quarter Century Secret Rare),1st Edition,,,13.22,12.72,49.95,
592912,Destiny Draw (Platinum Secret Rare),1st Edition,,,0.33,0.2,9.99,
592913,Destiny Draw (Quarter Century Secret Rare),1st Edition,,,6.01,3.49,39.99,
592914,Grandmaster of the Six Samurai (Platinum Secret Rare),1st Edition,,,0.67,0.29,9.99,
592915,Grandmaster of the Six Samurai (Quarter Century Secret Rare),1st Edition,,,5.95,4.51,50.0,
592916,Skyscraper 2 - Hero City (Platinum Secret Rare),1st Edition,,,0.31,0.07,8.99,
592917,Skyscraper 2 - Hero City (Quarter Century Secret Rare),1st Edition,,,2.3,1.98,19.99,
592918,Destiny HERO - Disk Commander (Platinum Secret Rare),1st Edition,,,0.36,0.1,9.99,
592919,Destiny HERO - Disk Commander (Quarter Century Secret Rare),1st Edition,,,3.17,1.98,16.97,
592920,Elemental HERO Stratos (Platinum Secret Rare),1st Edition,,,2.82,1.65,19.99,
592921,Elemental HERO Stratos (Quarter Century Secret Rare),1st Edition,,,60.75,60.99,129.0,
592922,Blue-Eyes Ultimate Dragon (Platinum Secret Rare),1st Edition,,,3.72,3.38,24.99,
592923,Blue-Eyes Ultimate Dragon (Quarter Century Secret Rare),1st Edition,,,57.47,45.0,135.0,
592924,Crystal Beast Sapphire Pegasus (Platinum Secret Rare),1st Edition,,,0.71,0.3,8.18,
592925,Crystal Beast Sapphire Pegasus (Quarter Century Secret Rare),1st Edition,,,11.31,10.24,39.99,
592926,Raiza the Storm Monarch (Platinum Secret Rare),1st Edition,,,2.31,1.49,9.99,
592927,Raiza the Storm Monarch (Quarter Century Secret Rare),1st Edition,,,13.54,12.19,40.0,
592928,Ancient City - Rainbow Ruins (Platinum Secret Rare),1st Edition,,,0.27,0.14,8.91,
592929,Ancient City - Rainbow Ruins (Quarter Century Secret Rare),1st Edition,,,3.12,1.79,25.99,
592930,Rare Value (Platinum Secret Rare),1st Edition,,,0.3,0.13,8.91,
592931,Rare Value (Quarter Century Secret Rare),1st Edition,,,1.83,1.26,24.94,
592932,Eradicator Epidemic Virus (Platinum Secret Rare),1st Edition,,,1.24,0.79,9.88,
592933,Eradicator Epidemic Virus (Quarter Century Secret Rare),1st Edition,,,18.55,16.0,99.99,
592934,Elemental HERO Neos Alius (Platinum Secret Rare),1st Edition,,,0.69,0.6,9.88,
592935,Elemental HERO Neos Alius (Quarter Century Secret Rare),1st Edition,,,14.56,12.73,23.5,
592936,Zombie Master (Platinum Secret Rare),1st Edition,,,0.65,0.42,9.95,
592937,Zombie Master (Quarter Century Secret Rare),1st Edition,,,4.94,3.91,45.0,
592938,Il Blud (Platinum Secret Rare),1st Edition,,,0.31,0.2,9.88,
592939,Il Blud (Quarter Century Secret Rare),1st Edition,,,4.44,3.37,19.99,
592940,Dark Bribe (Platinum Secret Rare),1st Edition,,,0.85,0.75,9.84,
592941,Dark Bribe (Quarter Century Secret Rare),1st Edition,,,10.03,7.52,27.99,
592942,Trade-In (Platinum Secret Rare),1st Edition,,,1.68,1.26,9.99,
592943,Trade-In (Quarter Century Secret Rare),1st Edition,,,15.75,23.75,39.0,
592944,Test Tiger (Platinum Secret Rare),1st Edition,,,2.12,0.85,9.99,
592945,Test Tiger (Quarter Century Secret Rare),1st Edition,,,8.4,6.0,19.99,
592946,Yubel - Terror Incarnate (Platinum Secret Rare),1st Edition,,,1.02,0.45,9.99,
592947,Yubel - Terror Incarnate (Quarter Century Secret Rare),1st Edition,,,14.55,14.49,50.0,
592948,Yubel - The Ultimate Nightmare (Platinum Secret Rare),1st Edition,,,0.7,0.43,9.99,
592949,Yubel - The Ultimate Nightmare (Quarter Century Secret Rare),1st Edition,,,8.5,8.0,28.6,
592950,Cyber Valley (Platinum Secret Rare),1st Edition,,,1.14,1.0,19.99,
592951,Cyber Valley (Quarter Century Secret Rare),1st Edition,,,9.44,7.92,50.0,
592952,Elemental HERO Prisma (Platinum Secret Rare),1st Edition,,,1.4,1.0,10.0,
592953,Elemental HERO Prisma (Quarter Century Secret Rare),1st Edition,,,16.2,14.29,100.0,
592954,Caius the Shadow Monarch (Platinum Secret Rare),1st Edition,,,7.26,5.81,16.69,
592955,Caius the Shadow Monarch (Quarter Century Secret Rare),1st Edition,,,55.34,52.57,249.98,
592956,Fossil Dyna Pachycephalo (Platinum Secret Rare),1st Edition,,,3.38,2.38,9.99,
592957,Fossil Dyna Pachycephalo (Quarter Century Secret Rare),1st Edition,,,30.09,23.68,59.99,
592958,Judgment Dragon (Platinum Secret Rare),1st Edition,,,2.51,1.62,14.99,
592959,Judgment Dragon (Quarter Century Secret Rare),1st Edition,,,28.69,27.83,99.99,
592960,Substitoad (Platinum Secret Rare),1st Edition,,,6.15,4.0,12.99,
592961,Substitoad (Quarter Century Secret Rare),1st Edition,,,21.98,16.0,59.5,
592962,Gladiator Beast Gyzarus (Platinum Secret Rare),1st Edition,,,0.87,0.52,19.99,
592963,Gladiator Beast Gyzarus (Quarter Century Secret Rare),1st Edition,,,8.96,8.4,45.0,
592964,Junk Synchron (Platinum Secret Rare),1st Edition,,,2.46,1.62,19.99,
592965,Junk Synchron (Quarter Century Secret Rare),1st Edition,,,25.38,23.99,75.0,
592966,Colossal Fighter (Platinum Secret Rare),1st Edition,,,1.17,0.95,19.99,
592967,Colossal Fighter (Quarter Century Secret Rare),1st Edition,,,16.13,14.35,75.99,
592968,Krebons (Platinum Secret Rare),1st Edition,,,1.08,0.75,9.85,
592969,Krebons (Quarter Century Secret Rare),1st Edition,,,7.89,6.92,20.0,
592970,Goyo Guardian (Platinum Secret Rare),1st Edition,,,1.24,0.9,19.99,
592971,Goyo Guardian (Quarter Century Secret Rare),1st Edition,,,10.92,9.5,74.95,
592972,Geartown (Platinum Secret Rare),1st Edition,,,0.99,0.49,14.99,
592973,Geartown (Quarter Century Secret Rare),1st Edition,,,8.47,5.15,40.0,
592974,Kunai with Chain (Platinum Secret Rare),1st Edition,,,0.48,0.15,9.88,
592975,Kunai with Chain (Quarter Century Secret Rare),1st Edition,,,3.42,2.62,21.95,
592976,Zombie World (Platinum Secret Rare),1st Edition,,,0.94,0.51,9.99,
592977,Zombie World (Quarter Century Secret Rare),1st Edition,,,14.61,24.95,55.0,
592978,Thunder King Rai-Oh (Platinum Secret Rare),1st Edition,,,5.01,4.01,24.99,
592979,Thunder King Rai-Oh (Quarter Century Secret Rare),1st Edition,,,34.9,26.33,99.99,
592980,Plaguespreader Zombie (Platinum Secret Rare),1st Edition,,,2.23,0.99,9.99,
592981,Plaguespreader Zombie (Quarter Century Secret Rare),1st Edition,,,11.85,10.0,49.95,
592982,The White Stone of Legend (Platinum Secret Rare),1st Edition,,,0.66,0.25,12.99,
592983,The White Stone of Legend (Quarter Century Secret Rare),1st Edition,,,11.2,11.76,39.99,
592984,Secret Village of the Spellcasters (Platinum Secret Rare),1st Edition,,,1.85,1.0,9.99,
592985,Secret Village of the Spellcasters (Quarter Century Secret Rare),1st Edition,,,13.75,14.0,45.0,
592986,Gorz the Emissary of Darkness (Platinum Secret Rare),1st Edition,,,2.53,2.2,9.99,
592987,Gorz the Emissary of Darkness (Quarter Century Secret Rare),1st Edition,,,25.97,23.0,89.95,
592988,Dandylion (Platinum Secret Rare),1st Edition,,,2.2,1.87,7.85,
592989,Dandylion (Quarter Century Secret Rare),1st Edition,,,24.52,22.99,50.0,
592990,Red-Eyes Darkness Metal Dragon (Platinum Secret Rare),1st Edition,,,3.81,3.14,19.99,
592991,Red-Eyes Darkness Metal Dragon (Quarter Century Secret Rare),1st Edition,,,29.64,26.99,52.0,
592992,Armory Arm (Platinum Secret Rare),1st Edition,,,5.5,5.0,19.99,
592993,Armory Arm (Quarter Century Secret Rare),1st Edition,,,14.99,14.22,59.95,
592994,Debris Dragon (Platinum Secret Rare),1st Edition,,,1.44,1.29,9.88,
592995,Debris Dragon (Quarter Century Secret Rare),1st Edition,,,16.9,16.0,49.89,
592996,Blackwing - Gale the Whirlwind (Platinum Secret Rare),1st Edition,,,0.64,0.4,9.84,
592997,Blackwing - Gale the Whirlwind (Quarter Century Secret Rare),1st Edition,,,16.3,14.0,50.0,
593001,Dark End Dragon (Platinum Secret Rare),1st Edition,,,4.95,3.5,24.99,
593005,Dark End Dragon (Quarter Century Secret Rare),1st Edition,,,14.56,11.99,63.68,
593012,Blackwing - Kalut the Moon Shadow (Platinum Secret Rare),1st Edition,,,2.22,1.49,19.99,
593016,Blackwing - Kalut the Moon Shadow (Quarter Century Secret Rare),1st Edition,,,14.74,11.98,99.95,
593021,Koa'ki Meiru Drago (Platinum Secret Rare),1st Edition,,,2.52,1.99,12.99,
593026,Koa'ki Meiru Drago (Quarter Century Secret Rare),1st Edition,,,13.76,7.0,29.99,
593031,Black Whirlwind (Platinum Secret Rare),1st Edition,,,1.23,1.12,9.99,
593036,Black Whirlwind (Quarter Century Secret Rare),1st Edition,,,18.51,16.6,99.99,
593040,Infernity Archfiend (Platinum Secret Rare),1st Edition,,,0.67,0.1,9.88,
593044,Infernity Archfiend (Quarter Century Secret Rare),1st Edition,,,9.0,7.76,30.0,
593048,X-Saber Airbellum (Platinum Secret Rare),1st Edition,,,0.62,0.25,9.99,
593051,X-Saber Airbellum (Quarter Century Secret Rare),1st Edition,,,8.23,5.39,49.95,
593052,Ally of Justice Catastor (Platinum Secret Rare),1st Edition,,,1.08,1.0,29.99,
593053,Ally of Justice Catastor (Quarter Century Secret Rare),1st Edition,,,11.49,10.99,69.0,
593054,Tragoedia (Platinum Secret Rare),1st Edition,,,1.39,1.0,7.95,
593055,Tragoedia (Quarter Century Secret Rare),1st Edition,,,14.19,12.99,49.95,
593056,Blackwing - Vayu the Emblem of Honor (Platinum Secret Rare),1st Edition,,,1.33,0.98,9.88,
593057,Blackwing - Vayu the Emblem of Honor (Quarter Century Secret Rare),1st Edition,,,17.67,18.0,42.78,
593058,Fishborg Blaster (Platinum Secret Rare),1st Edition,,,0.97,0.3,9.84,
593059,Fishborg Blaster (Quarter Century Secret Rare),1st Edition,,,6.06,4.54,49.99,
593060,XX-Saber Gottoms (Platinum Secret Rare),1st Edition,,,1.1,0.3,8.18,
593061,XX-Saber Gottoms (Quarter Century Secret Rare),1st Edition,,,8.77,7.5,29.99,
593062,"Brionac, Dragon of the Ice Barrier (Platinum Secret Rare)",1st Edition,,,1.42,1.0,9.84,
593063,"Brionac, Dragon of the Ice Barrier (Quarter Century Secret Rare)",1st Edition,,,26.98,26.75,149.0,
593064,Quickdraw Synchron (Platinum Secret Rare),1st Edition,,,1.1,0.7,9.95,
593065,Quickdraw Synchron (Quarter Century Secret Rare),1st Edition,,,15.66,12.0,29.99,
593066,Gateway of the Six (Platinum Secret Rare),1st Edition,,,0.91,0.44,8.91,
593067,Gateway of the Six (Quarter Century Secret Rare),1st Edition,,,15.35,10.99,28.95,
593068,Obelisk the Tormentor (Platinum Secret Rare),1st Edition,,,3.43,2.7,502.87,
593069,Obelisk the Tormentor (Quarter Century Secret Rare),1st Edition,,,26.16,27.99,149.95,
593070,Elemental HERO Absolute Zero (Platinum Secret Rare),1st Edition,,,6.5,6.17,20.0,
593071,Elemental HERO Absolute Zero (Quarter Century Secret Rare),1st Edition,,,33.52,20.0,65.0,
593072,Drill Warrior (Platinum Secret Rare),1st Edition,,,0.91,0.32,9.88,
593073,Drill Warrior (Quarter Century Secret Rare),1st Edition,,,6.43,4.77,30.0,
593074,Machina Fortress (Platinum Secret Rare),1st Edition,,,2.92,1.95,9.95,
593075,Machina Fortress (Quarter Century Secret Rare),1st Edition,,,25.83,21.0,60.0,
593076,Machina Gearframe (Platinum Secret Rare),1st Edition,,,5.02,1.5,14.86,
593077,Machina Gearframe (Quarter Century Secret Rare),1st Edition,,,36.42,34.99,100.0,
593078,Starlight Road (Platinum Secret Rare),1st Edition,,,0.98,0.6,9.88,
593079,Starlight Road (Quarter Century Secret Rare),1st Edition,,,16.65,11.5,37.8,
593080,Ronintoadin (Platinum Secret Rare),1st Edition,,,0.61,0.2,5.0,
593081,Ronintoadin (Quarter Century Secret Rare),1st Edition,,,5.46,4.5,49.95,
593082,Herald of Perfection (Platinum Secret Rare),1st Edition,,,0.62,0.24,9.88,
593083,Herald of Perfection (Quarter Century Secret Rare),1st Edition,,,3.74,3.18,44.44,
593084,Naturia Beast (Platinum Secret Rare),1st Edition,,,0.7,0.49,9.99,
593085,Naturia Beast (Quarter Century Secret Rare),1st Edition,,,14.84,13.41,99.95,
593086,Fabled Raven (Platinum Secret Rare),1st Edition,,,0.33,0.15,9.88,
593087,Fabled Raven (Quarter Century Secret Rare),1st Edition,,,2.33,1.99,27.97,
593088,Scrap Dragon (Platinum Secret Rare),1st Edition,,,0.6,0.29,9.99,
593089,Scrap Dragon (Quarter Century Secret Rare),1st Edition,,,5.26,4.31,99.95,
593090,Horn of the Phantom Beast (Platinum Secret Rare),1st Edition,,,0.24,0.05,9.88,
593091,Horn of the Phantom Beast (Quarter Century Secret Rare),1st Edition,,,1.26,0.75,50.0,
593092,Jurrac Guaiba (Platinum Secret Rare),1st Edition,,,0.46,0.1,9.99,
593093,Jurrac Guaiba (Quarter Century Secret Rare),1st Edition,,,5.32,3.0,15.94,
593094,Naturia Barkion (Platinum Secret Rare),1st Edition,,,0.48,0.25,10.0,
593095,Naturia Barkion (Quarter Century Secret Rare),1st Edition,,,5.55,5.31,39.99,
593096,Slifer the Sky Dragon (Platinum Secret Rare),1st Edition,,,3.29,2.5,19.99,
593097,Slifer the Sky Dragon (Quarter Century Secret Rare),1st Edition,,,33.29,29.8,149.95,
593098,Glow-Up Bulb (Platinum Secret Rare),1st Edition,,,1.97,0.97,20.0,
593099,Glow-Up Bulb (Quarter Century Secret Rare),1st Edition,,,18.79,11.85,49.99,
593100,Vanity's Emptiness (Platinum Secret Rare),1st Edition,,,1.11,0.8,29.99,
593101,Vanity's Emptiness (Quarter Century Secret Rare),1st Edition,,,11.77,8.97,39.99,
593102,Genex Ally Birdman (Platinum Secret Rare),1st Edition,,,0.27,0.03,9.88,
593103,Genex Ally Birdman (Quarter Century Secret Rare),1st Edition,,,3.25,2.32,40.0,
593104,Dragon Ravine (Platinum Secret Rare),1st Edition,,,1.34,1.29,14.99,
593105,Dragon Ravine (Quarter Century Secret Rare),1st Edition,,,20.17,24.0,99.99,
593106,Legendary Six Samurai - Kizan (Platinum Secret Rare),1st Edition,,,2.29,1.41,11.99,
593107,Legendary Six Samurai - Kizan (Quarter Century Secret Rare),1st Edition,,,17.92,15.99,28.73,
593108,Legendary Six Samurai - Shi En (Platinum Secret Rare),1st Edition,,,0.93,0.6,19.99,
593109,Legendary Six Samurai - Shi En (Quarter Century Secret Rare),1st Edition,,,6.38,6.38,19.98,
593110,Reborn Tengu (Platinum Secret Rare),1st Edition,,,0.8,0.53,9.99,
593111,Reborn Tengu (Quarter Century Secret Rare),1st Edition,,,8.04,6.49,20.21,
593112,Master Hyperion (Platinum Secret Rare),1st Edition,,,0.34,0.08,8.18,
593113,Master Hyperion (Quarter Century Secret Rare),1st Edition,,,5.77,3.5,39.99,
593114,Miracle Contact (Platinum Secret Rare),1st Edition,,,0.48,0.15,7.21,
593115,Miracle Contact (Quarter Century Secret Rare),1st Edition,,,5.48,5.88,28.88,
593116,"Reactan, Dragon Ruler of Pebbles (Platinum Secret Rare)",1st Edition,,,0.66,0.28,20.0,
593117,"Reactan, Dragon Ruler of Pebbles (Quarter Century Secret Rare)",1st Edition,,,10.89,13.0,75.0,
593118,"Stream, Dragon Ruler of Droplets (Platinum Secret Rare)",1st Edition,,,0.67,0.49,15.0,
593119,"Stream, Dragon Ruler of Droplets (Quarter Century Secret Rare)",1st Edition,,,10.96,9.7,50.0,
593120,"Burner, Dragon Ruler of Sparks (Platinum Secret Rare)",1st Edition,,,0.64,0.05,19.75,
593121,"Burner, Dragon Ruler of Sparks (Quarter Century Secret Rare)",1st Edition,,,10.05,9.0,69.99,
593122,"Lightning, Dragon Ruler of Drafts (Platinum Secret Rare)",1st Edition,,,0.76,0.25,15.0,
593123,"Lightning, Dragon Ruler of Drafts (Quarter Century Secret Rare)",1st Edition,,,14.42,14.07,80.0,
593124,Dark Magician Girl the Dragon Knight (Platinum Secret Rare),1st Edition,,,4.21,3.79,24.99,
593125,Dark Magician Girl the Dragon Knight (Quarter Century Secret Rare),1st Edition,,,36.89,29.0,120.0,
593126,"Shurit, Strategist of the Nekroz (Platinum Secret Rare)",1st Edition,,,0.75,0.45,9.99,
593127,"Shurit, Strategist of the Nekroz (Quarter Century Secret Rare)",1st Edition,,,7.06,5.0,35.0,
593128,Nekroz of Brionac (Platinum Secret Rare),1st Edition,,,2.71,2.11,15.0,
593129,Nekroz of Brionac (Quarter Century Secret Rare),1st Edition,,,22.97,17.31,99.99,
593130,Nekroz of Trishula (Platinum Secret Rare),1st Edition,,,0.62,0.28,10.0,
593131,Nekroz of Trishula (Quarter Century Secret Rare),1st Edition,,,4.43,3.5,35.0,
593132,Nekroz of Unicore (Platinum Secret Rare),1st Edition,,,1.03,0.25,8.18,
593133,Nekroz of Unicore (Quarter Century Secret Rare),1st Edition,,,11.05,9.95,49.99,
593134,Nekroz of Valkyrus (Platinum Secret Rare),1st Edition,,,0.68,0.36,20.0,
593135,Nekroz of Valkyrus (Quarter Century Secret Rare),1st Edition,,,7.0,6.95,19.99,
593136,Anti-Magic Arrows (Platinum Secret Rare),1st Edition,,,0.57,0.1,9.99,
593137,Anti-Magic Arrows (Quarter Century Secret Rare),1st Edition,,,5.24,3.5,24.99,
593138,Card of Demise (Platinum Secret Rare),1st Edition,,,1.05,0.7,9.99,
593139,Card of Demise (Quarter Century Secret Rare),1st Edition,,,9.74,8.47,40.0,
593140,Palladium Oracle Mahad (Platinum Secret Rare),1st Edition,,,1.63,1.25,9.99,
593141,Palladium Oracle Mahad (Quarter Century Secret Rare),1st Edition,,,5.96,5.96,30.0,
593142,Full Force Virus (Platinum Secret Rare),1st Edition,,,0.45,0.15,9.88,
593143,Full Force Virus (Quarter Century Secret Rare),1st Edition,,,6.88,4.68,24.99,
593144,Dark Magician the Dragon Knight (Platinum Secret Rare),1st Edition,,,2.75,2.19,24.99,
593145,Dark Magician the Dragon Knight (Quarter Century Secret Rare),1st Edition,,,27.07,24.97,85.78,
593146,Sky Striker Mobilize - Engage! (Platinum Secret Rare),1st Edition,,,5.25,3.5,33.0,
593147,Sky Striker Mobilize - Engage! (Quarter Century Secret Rare),1st Edition,,,91.22,73.0,128.45,
593148,Fusion Destiny (Platinum Secret Rare),1st Edition,,,1.11,0.61,8.91,
593149,Fusion Destiny (Quarter Century Secret Rare),1st Edition,,,28.62,22.57,99.0,
593150,Soul Servant (Platinum Secret Rare),1st Edition,,,9.57,6.79,35.0,
593151,Soul Servant (Quarter Century Secret Rare),1st Edition,,,38.06,36.0,188.88,
593152,Toon Black Luster Soldier (Platinum Secret Rare),1st Edition,,,4.97,4.0,19.99,
593153,Toon Black Luster Soldier (Quarter Century Secret Rare),1st Edition,,,13.18,11.99,70.0,
593154,Duel Tower (Platinum Secret Rare),1st Edition,,,0.3,0.1,8.91,
593155,Duel Tower (Quarter Century Secret Rare),1st Edition,,,1.78,1.2,29.99,
593156,Sky Striker Mobilize - Linkage! (Platinum Secret Rare),1st Edition,,,6.43,3.99,15.0,
593157,Sky Striker Mobilize - Linkage! (Quarter Century Secret Rare),1st Edition,,,88.35,89.78,300.0,
593158,Duel Academy (Platinum Secret Rare),1st Edition,,,0.28,0.05,9.99,
593159,Duel Academy (Quarter Century Secret Rare),1st Edition,,,1.82,1.0,18.69,
593160,"On Your Mark, Get Set, DUEL! (Platinum Secret Rare)",1st Edition,,,0.37,0.18,8.91,
593161,"On Your Mark, Get Set, DUEL! (Quarter Century Secret Rare)",1st Edition,,,5.89,5.95,30.0,
593847,Dark Magician Girl (Platinum Secret Rare) (B),1st Edition,,,5.34,4.1,149.99,
593848,Dark Magician Girl (Platinum Secret Rare) (C),1st Edition,,,4.82,4.0,57.93,
593849,Dark Magician Girl (Quarter Century Secret Rare) (B),1st Edition,,,51.8,45.74,199.99,
593850,Dark Magician Girl (Quarter Century Secret Rare) (C),1st Edition,,,43.4,36.99,199.99,
593866,Polymerization (A) (Alternate Art),1st Edition,,,0.36,0.07,2.98,
593867,Polymerization (A) (Alternate Art) (Secret Rare),1st Edition,,,0.68,0.24,5.0,
593868,Polymerization (A) (Alternate Art) (Platinum Secret Rare),1st Edition,,,2.68,1.6,14.95,
593870,Polymerization (A) (Alternate Art) (PUR),1st Edition,,,1.05,0.64,3.01,
593874,Polymerization (B) (HERO Art) (PCR),1st Edition,,,1.64,1.56,10.0,
593877,Polymerization (A) (Alternate Art) (UR),1st Edition,,,0.33,0.1,5.5,
593879,Polymerization (A) (Alternate Art) (Quarter Century Secret Rare),1st Edition,,,14.2,11.99,50.0,
594073,Sky Striker Ace - Shizuku (Alternate Art) (Quarter Century Secret Rare),1st Edition,,,34.66,41.14,109.9,
594074,Ghost Sister & Spooky Dogwood (Alternate Art) (Quarter Century Secret Rare),1st Edition,,,5.72,4.74,59.99,
594720,Card Trooper (Platinum Secret Rare),1st Edition,,,0.76,0.47,9.99,
594897,Ghost Reaper & Winter Cherries (Alternate Art) (Quarter Century Secret Rare),1st Edition,,,8.88,7.95,50.0,
605130,Quarter Century Bonanza Tuck Box (Retail Exclusive),Normal,,,46.95,48.98,99.99,